-- phpMyAdmin SQL Dump
-- version 4.6.6deb5
-- https://www.phpmyadmin.net/
--
-- Host: localhost:3306
-- Generation Time: Dec 20, 2018 at 08:44 PM
-- Server version: 5.7.24-0ubuntu0.18.04.1
-- PHP Version: 7.3.0-2+ubuntu18.04.1+deb.sury.org+1

SET SQL_MODE = "NO_AUTO_VALUE_ON_ZERO";
SET time_zone = "+00:00";


/*!40101 SET @OLD_CHARACTER_SET_CLIENT=@@CHARACTER_SET_CLIENT */;
/*!40101 SET @OLD_CHARACTER_SET_RESULTS=@@CHARACTER_SET_RESULTS */;
/*!40101 SET @OLD_COLLATION_CONNECTION=@@COLLATION_CONNECTION */;
/*!40101 SET NAMES utf8mb4 */;

--
-- Database: `account`
--

-- --------------------------------------------------------

--
-- Table structure for table `account`
--

CREATE TABLE `account` (
  `id` int(10) UNSIGNED NOT NULL,
  `name` varchar(255) COLLATE utf8mb4_unicode_ci NOT NULL,
  `password` varchar(225) COLLATE utf8mb4_unicode_ci NOT NULL,
  `birthday` varchar(255) COLLATE utf8mb4_unicode_ci NOT NULL,
  `addr` varchar(255) COLLATE utf8mb4_unicode_ci NOT NULL,
  `wards_id` int(11) NOT NULL,
  `district_id` int(11) NOT NULL,
  `author` int(11) NOT NULL,
  `created_at` timestamp NULL DEFAULT NULL,
  `updated_at` timestamp NULL DEFAULT NULL
) ENGINE=InnoDB DEFAULT CHARSET=utf8mb4 COLLATE=utf8mb4_unicode_ci;

-- --------------------------------------------------------

--
-- Table structure for table `aworkday`
--

CREATE TABLE `aworkday` (
  `id` int(10) UNSIGNED NOT NULL,
  `id_user` int(11) NOT NULL,
  `workday` date NOT NULL,
  `created_at` timestamp NULL DEFAULT NULL,
  `updated_at` timestamp NULL DEFAULT NULL
) ENGINE=InnoDB DEFAULT CHARSET=utf8mb4 COLLATE=utf8mb4_unicode_ci;

--
-- Dumping data for table `aworkday`
--

INSERT INTO `aworkday` (`id`, `id_user`, `workday`, `created_at`, `updated_at`) VALUES
(1, 1, '1984-12-18', '2018-12-20 04:26:01', NULL),
(2, 1, '2018-08-01', '2018-12-20 04:26:01', NULL),
(3, 1, '1972-09-06', '2018-12-20 04:26:02', NULL),
(4, 1, '1998-01-01', '2018-12-20 04:26:02', NULL),
(5, 1, '1990-07-03', '2018-12-20 04:26:02', NULL),
(6, 1, '1998-01-21', '2018-12-20 04:26:02', NULL),
(7, 1, '1997-07-24', '2018-12-20 04:26:02', NULL),
(8, 1, '1989-11-06', '2018-12-20 04:26:02', NULL),
(9, 1, '1988-04-16', '2018-12-20 04:26:02', NULL),
(10, 1, '1970-05-16', '2018-12-20 04:26:02', NULL),
(11, 1, '2016-02-20', '2018-12-20 04:26:02', NULL),
(12, 1, '1970-10-18', '2018-12-20 04:26:02', NULL),
(13, 1, '1973-06-18', '2018-12-20 04:26:02', NULL),
(14, 1, '1993-12-16', '2018-12-20 04:26:02', NULL),
(15, 1, '1984-07-30', '2018-12-20 04:26:02', NULL),
(16, 1, '1996-05-21', '2018-12-20 04:26:02', NULL),
(17, 1, '2011-12-12', '2018-12-20 04:26:02', NULL),
(18, 1, '1976-12-21', '2018-12-20 04:26:02', NULL),
(19, 1, '1993-01-05', '2018-12-20 04:26:02', NULL),
(20, 1, '2002-06-04', '2018-12-20 04:26:03', NULL),
(21, 1, '1981-04-19', '2018-12-20 04:26:03', NULL),
(22, 1, '1970-08-30', '2018-12-20 04:26:03', NULL),
(23, 1, '1989-08-16', '2018-12-20 04:26:03', NULL),
(24, 1, '2001-02-15', '2018-12-20 04:26:03', NULL),
(25, 1, '1995-02-18', '2018-12-20 04:26:03', NULL),
(26, 1, '1990-11-24', '2018-12-20 04:26:03', NULL),
(27, 1, '2018-05-17', '2018-12-20 04:26:03', NULL),
(28, 1, '1971-02-04', '2018-12-20 04:26:03', NULL),
(29, 1, '1974-11-02', '2018-12-20 04:26:03', NULL),
(30, 1, '1995-10-20', '2018-12-20 04:26:03', NULL),
(31, 1, '2015-09-27', '2018-12-20 04:26:03', NULL),
(32, 1, '1976-09-27', '2018-12-20 04:26:03', NULL),
(33, 1, '1985-09-16', '2018-12-20 04:26:03', NULL),
(34, 1, '1989-11-12', '2018-12-20 04:26:03', NULL),
(35, 1, '2000-08-27', '2018-12-20 04:26:03', NULL),
(36, 1, '1999-12-11', '2018-12-20 04:26:03', NULL),
(37, 1, '2007-11-23', '2018-12-20 04:26:03', NULL),
(38, 1, '1983-07-30', '2018-12-20 04:26:03', NULL),
(39, 1, '2005-04-20', '2018-12-20 04:26:03', NULL),
(40, 1, '1984-09-24', '2018-12-20 04:26:03', NULL),
(41, 1, '2008-11-13', '2018-12-20 04:26:03', NULL),
(42, 1, '2004-07-17', '2018-12-20 04:26:03', NULL),
(43, 1, '1995-09-07', '2018-12-20 04:26:03', NULL),
(44, 1, '1991-07-06', '2018-12-20 04:26:03', NULL),
(45, 1, '1984-01-27', '2018-12-20 04:26:03', NULL),
(46, 1, '1973-08-19', '2018-12-20 04:26:03', NULL),
(47, 1, '1974-12-06', '2018-12-20 04:26:03', NULL),
(48, 1, '1998-08-09', '2018-12-20 04:26:03', NULL),
(49, 1, '1978-01-21', '2018-12-20 04:26:04', NULL),
(50, 1, '1995-12-31', '2018-12-20 04:26:04', NULL),
(51, 1, '1992-03-07', '2018-12-20 04:26:04', NULL),
(52, 1, '1977-06-23', '2018-12-20 04:26:04', NULL),
(53, 1, '1971-05-14', '2018-12-20 04:26:04', NULL),
(54, 1, '1993-12-20', '2018-12-20 04:26:04', NULL),
(55, 1, '1979-04-29', '2018-12-20 04:26:04', NULL),
(56, 1, '2013-11-02', '2018-12-20 04:26:04', NULL),
(57, 1, '1983-03-21', '2018-12-20 04:26:04', NULL),
(58, 1, '2018-11-04', '2018-12-20 04:26:04', NULL),
(59, 1, '1993-01-14', '2018-12-20 04:26:04', NULL),
(60, 1, '1995-04-19', '2018-12-20 04:26:04', NULL),
(61, 1, '2009-05-17', '2018-12-20 04:26:04', NULL),
(62, 1, '2016-04-05', '2018-12-20 04:26:04', NULL),
(63, 1, '1974-01-24', '2018-12-20 04:26:04', NULL),
(64, 1, '2004-07-18', '2018-12-20 04:26:04', NULL),
(65, 1, '2012-02-17', '2018-12-20 04:26:04', NULL),
(66, 1, '2007-11-26', '2018-12-20 04:26:04', NULL),
(67, 1, '1971-04-01', '2018-12-20 04:26:04', NULL),
(68, 1, '1971-03-16', '2018-12-20 04:26:04', NULL),
(69, 1, '1998-09-10', '2018-12-20 04:26:04', NULL),
(70, 1, '2014-10-16', '2018-12-20 04:26:04', NULL),
(71, 1, '1973-07-19', '2018-12-20 04:26:04', NULL),
(72, 1, '1989-12-16', '2018-12-20 04:26:04', NULL),
(73, 1, '1979-10-21', '2018-12-20 04:26:04', NULL),
(74, 1, '1971-05-19', '2018-12-20 04:26:04', NULL),
(75, 1, '2004-03-31', '2018-12-20 04:26:04', NULL),
(76, 1, '1980-05-22', '2018-12-20 04:26:04', NULL),
(77, 1, '2014-12-28', '2018-12-20 04:26:05', NULL),
(78, 1, '1971-01-21', '2018-12-20 04:26:05', NULL),
(79, 1, '1970-07-27', '2018-12-20 04:26:05', NULL),
(80, 1, '2013-03-11', '2018-12-20 04:26:05', NULL),
(81, 1, '1979-03-12', '2018-12-20 04:26:05', NULL),
(82, 1, '2002-08-02', '2018-12-20 04:26:05', NULL),
(83, 1, '1972-02-21', '2018-12-20 04:26:05', NULL),
(84, 1, '1998-12-01', '2018-12-20 04:26:05', NULL),
(85, 1, '1997-04-09', '2018-12-20 04:26:05', NULL),
(86, 1, '1970-06-25', '2018-12-20 04:26:05', NULL),
(87, 1, '1987-01-25', '2018-12-20 04:26:05', NULL),
(88, 1, '1976-05-13', '2018-12-20 04:26:05', NULL),
(89, 1, '1995-04-27', '2018-12-20 04:26:05', NULL),
(90, 1, '2002-08-16', '2018-12-20 04:26:05', NULL),
(91, 1, '2007-03-05', '2018-12-20 04:26:05', NULL),
(92, 1, '2018-09-12', '2018-12-20 04:26:05', NULL),
(93, 1, '2005-03-23', '2018-12-20 04:26:05', NULL),
(94, 1, '1972-10-03', '2018-12-20 04:26:05', NULL),
(95, 1, '1982-03-26', '2018-12-20 04:26:05', NULL),
(96, 1, '1992-08-09', '2018-12-20 04:26:05', NULL),
(97, 1, '1986-08-25', '2018-12-20 04:26:05', NULL),
(98, 1, '2003-11-08', '2018-12-20 04:26:05', NULL),
(99, 1, '1990-05-14', '2018-12-20 04:26:05', NULL),
(100, 1, '1980-08-11', '2018-12-20 04:26:05', NULL),
(101, 2, '1972-06-02', '2018-12-20 04:26:05', NULL),
(102, 2, '2008-06-24', '2018-12-20 04:26:05', NULL),
(103, 2, '2013-08-06', '2018-12-20 04:26:05', NULL),
(104, 2, '1975-07-22', '2018-12-20 04:26:05', NULL),
(105, 2, '2010-09-08', '2018-12-20 04:26:05', NULL),
(106, 2, '1999-07-25', '2018-12-20 04:26:05', NULL),
(107, 2, '1971-02-17', '2018-12-20 04:26:06', NULL),
(108, 2, '1998-01-21', '2018-12-20 04:26:06', NULL),
(109, 2, '1989-07-15', '2018-12-20 04:26:06', NULL),
(110, 2, '2013-04-20', '2018-12-20 04:26:06', NULL),
(111, 2, '1981-03-29', '2018-12-20 04:26:06', NULL),
(112, 2, '2015-01-21', '2018-12-20 04:26:06', NULL),
(113, 2, '1981-08-24', '2018-12-20 04:26:06', NULL),
(114, 2, '1996-04-02', '2018-12-20 04:26:06', NULL),
(115, 2, '2002-05-13', '2018-12-20 04:26:06', NULL),
(116, 2, '2012-05-25', '2018-12-20 04:26:06', NULL),
(117, 2, '1981-06-25', '2018-12-20 04:26:06', NULL),
(118, 2, '2009-06-25', '2018-12-20 04:26:06', NULL),
(119, 2, '1973-03-31', '2018-12-20 04:26:06', NULL),
(120, 2, '1996-11-25', '2018-12-20 04:26:06', NULL),
(121, 2, '2006-08-14', '2018-12-20 04:26:06', NULL),
(122, 2, '2003-01-29', '2018-12-20 04:26:06', NULL),
(123, 2, '1971-03-23', '2018-12-20 04:26:06', NULL),
(124, 2, '1974-04-23', '2018-12-20 04:26:06', NULL),
(125, 2, '2016-10-27', '2018-12-20 04:26:06', NULL),
(126, 2, '2005-12-22', '2018-12-20 04:26:06', NULL),
(127, 2, '2008-02-26', '2018-12-20 04:26:06', NULL),
(128, 2, '2000-05-27', '2018-12-20 04:26:06', NULL),
(129, 2, '2018-09-13', '2018-12-20 04:26:06', NULL),
(130, 2, '1993-06-05', '2018-12-20 04:26:06', NULL),
(131, 2, '1980-11-21', '2018-12-20 04:26:06', NULL),
(132, 2, '1979-04-28', '2018-12-20 04:26:06', NULL),
(133, 2, '1998-05-11', '2018-12-20 04:26:06', NULL),
(134, 2, '1999-04-13', '2018-12-20 04:26:06', NULL),
(135, 2, '2010-08-09', '2018-12-20 04:26:07', NULL),
(136, 2, '1992-07-04', '2018-12-20 04:26:07', NULL),
(137, 2, '1978-10-21', '2018-12-20 04:26:07', NULL),
(138, 2, '2003-10-17', '2018-12-20 04:26:07', NULL),
(139, 2, '1980-10-21', '2018-12-20 04:26:07', NULL),
(140, 2, '1998-02-13', '2018-12-20 04:26:07', NULL),
(141, 2, '1973-12-07', '2018-12-20 04:26:07', NULL),
(142, 2, '1988-09-19', '2018-12-20 04:26:07', NULL),
(143, 2, '1995-03-05', '2018-12-20 04:26:07', NULL),
(144, 2, '2002-11-05', '2018-12-20 04:26:07', NULL),
(145, 2, '1998-01-12', '2018-12-20 04:26:07', NULL),
(146, 2, '1975-09-30', '2018-12-20 04:26:07', NULL),
(147, 2, '1991-01-04', '2018-12-20 04:26:07', NULL),
(148, 2, '1993-11-13', '2018-12-20 04:26:07', NULL),
(149, 2, '1990-11-28', '2018-12-20 04:26:07', NULL),
(150, 2, '1993-09-28', '2018-12-20 04:26:07', NULL),
(151, 2, '2012-05-01', '2018-12-20 04:26:07', NULL),
(152, 2, '2004-11-06', '2018-12-20 04:26:07', NULL),
(153, 2, '2000-01-11', '2018-12-20 04:26:07', NULL),
(154, 2, '1982-07-01', '2018-12-20 04:26:07', NULL),
(155, 2, '1980-12-08', '2018-12-20 04:26:07', NULL),
(156, 2, '1994-10-20', '2018-12-20 04:26:07', NULL),
(157, 2, '2007-07-07', '2018-12-20 04:26:07', NULL),
(158, 2, '1999-07-24', '2018-12-20 04:26:07', NULL),
(159, 2, '2009-12-02', '2018-12-20 04:26:07', NULL),
(160, 2, '1994-12-28', '2018-12-20 04:26:07', NULL),
(161, 2, '1985-03-05', '2018-12-20 04:26:07', NULL),
(162, 2, '1972-12-28', '2018-12-20 04:26:07', NULL),
(163, 2, '2006-06-22', '2018-12-20 04:26:07', NULL),
(164, 2, '1985-02-19', '2018-12-20 04:26:08', NULL),
(165, 2, '1992-06-04', '2018-12-20 04:26:08', NULL),
(166, 2, '1985-07-01', '2018-12-20 04:26:08', NULL),
(167, 2, '2004-04-20', '2018-12-20 04:26:08', NULL),
(168, 2, '1988-05-02', '2018-12-20 04:26:08', NULL),
(169, 2, '2018-04-02', '2018-12-20 04:26:08', NULL),
(170, 2, '1970-11-28', '2018-12-20 04:26:08', NULL),
(171, 2, '1989-05-01', '2018-12-20 04:26:08', NULL),
(172, 2, '2010-02-16', '2018-12-20 04:26:08', NULL),
(173, 2, '1988-05-25', '2018-12-20 04:26:08', NULL),
(174, 2, '2005-06-16', '2018-12-20 04:26:08', NULL),
(175, 2, '1982-09-20', '2018-12-20 04:26:08', NULL),
(176, 2, '1994-05-24', '2018-12-20 04:26:08', NULL),
(177, 2, '2013-12-07', '2018-12-20 04:26:08', NULL),
(178, 2, '1978-04-01', '2018-12-20 04:26:08', NULL),
(179, 2, '1970-02-10', '2018-12-20 04:26:08', NULL),
(180, 2, '1973-11-12', '2018-12-20 04:26:08', NULL),
(181, 2, '1992-08-20', '2018-12-20 04:26:08', NULL),
(182, 2, '2000-02-07', '2018-12-20 04:26:08', NULL),
(183, 2, '1988-03-29', '2018-12-20 04:26:08', NULL),
(184, 2, '1983-10-19', '2018-12-20 04:26:08', NULL),
(185, 2, '1998-02-24', '2018-12-20 04:26:08', NULL),
(186, 2, '2009-01-25', '2018-12-20 04:26:08', NULL),
(187, 2, '1973-10-16', '2018-12-20 04:26:08', NULL),
(188, 2, '1980-01-11', '2018-12-20 04:26:08', NULL),
(189, 2, '1999-09-07', '2018-12-20 04:26:08', NULL),
(190, 2, '1978-03-01', '2018-12-20 04:26:08', NULL),
(191, 2, '1997-09-18', '2018-12-20 04:26:08', NULL),
(192, 2, '1978-09-29', '2018-12-20 04:26:08', NULL),
(193, 2, '1973-04-07', '2018-12-20 04:26:08', NULL),
(194, 2, '2009-11-02', '2018-12-20 04:26:09', NULL),
(195, 2, '2008-11-05', '2018-12-20 04:26:09', NULL),
(196, 2, '2008-01-28', '2018-12-20 04:26:09', NULL),
(197, 2, '2010-12-31', '2018-12-20 04:26:09', NULL),
(198, 2, '2014-11-26', '2018-12-20 04:26:09', NULL),
(199, 2, '1988-09-26', '2018-12-20 04:26:09', NULL),
(200, 2, '2013-06-07', '2018-12-20 04:26:09', NULL),
(201, 3, '1991-01-05', '2018-12-20 04:26:09', NULL),
(202, 3, '1976-03-11', '2018-12-20 04:26:09', NULL),
(203, 3, '2007-08-30', '2018-12-20 04:26:09', NULL),
(204, 3, '2009-09-18', '2018-12-20 04:26:09', NULL),
(205, 3, '2017-12-07', '2018-12-20 04:26:09', NULL),
(206, 3, '2007-04-16', '2018-12-20 04:26:09', NULL),
(207, 3, '1991-10-09', '2018-12-20 04:26:09', NULL),
(208, 3, '1974-01-07', '2018-12-20 04:26:09', NULL),
(209, 3, '1995-11-21', '2018-12-20 04:26:09', NULL),
(210, 3, '2000-07-02', '2018-12-20 04:26:09', NULL),
(211, 3, '1973-12-26', '2018-12-20 04:26:09', NULL),
(212, 3, '1985-05-15', '2018-12-20 04:26:09', NULL),
(213, 3, '1984-05-08', '2018-12-20 04:26:09', NULL),
(214, 3, '1975-03-03', '2018-12-20 04:26:09', NULL),
(215, 3, '1970-02-20', '2018-12-20 04:26:09', NULL),
(216, 3, '1985-05-08', '2018-12-20 04:26:09', NULL),
(217, 3, '2015-04-02', '2018-12-20 04:26:09', NULL),
(218, 3, '2012-12-13', '2018-12-20 04:26:09', NULL),
(219, 3, '1989-02-13', '2018-12-20 04:26:09', NULL),
(220, 3, '1990-04-17', '2018-12-20 04:26:09', NULL),
(221, 3, '2006-12-10', '2018-12-20 04:26:09', NULL),
(222, 3, '2013-04-10', '2018-12-20 04:26:10', NULL),
(223, 3, '1970-06-17', '2018-12-20 04:26:10', NULL),
(224, 3, '2018-06-09', '2018-12-20 04:26:10', NULL),
(225, 3, '1976-07-22', '2018-12-20 04:26:10', NULL),
(226, 3, '2002-08-18', '2018-12-20 04:26:10', NULL),
(227, 3, '2000-06-26', '2018-12-20 04:26:10', NULL),
(228, 3, '1986-07-03', '2018-12-20 04:26:10', NULL),
(229, 3, '1978-11-23', '2018-12-20 04:26:10', NULL),
(230, 3, '1973-09-29', '2018-12-20 04:26:10', NULL),
(231, 3, '2007-03-28', '2018-12-20 04:26:10', NULL),
(232, 3, '1996-07-15', '2018-12-20 04:26:10', NULL),
(233, 3, '1977-05-09', '2018-12-20 04:26:10', NULL),
(234, 3, '1973-06-25', '2018-12-20 04:26:10', NULL),
(235, 3, '2007-04-12', '2018-12-20 04:26:10', NULL),
(236, 3, '1982-11-28', '2018-12-20 04:26:10', NULL),
(237, 3, '1981-07-19', '2018-12-20 04:26:10', NULL),
(238, 3, '2009-06-05', '2018-12-20 04:26:10', NULL),
(239, 3, '2007-03-16', '2018-12-20 04:26:10', NULL),
(240, 3, '2001-07-22', '2018-12-20 04:26:10', NULL),
(241, 3, '2000-08-13', '2018-12-20 04:26:10', NULL),
(242, 3, '1975-01-23', '2018-12-20 04:26:10', NULL),
(243, 3, '1988-11-23', '2018-12-20 04:26:10', NULL),
(244, 3, '1980-08-04', '2018-12-20 04:26:10', NULL),
(245, 3, '1994-10-30', '2018-12-20 04:26:10', NULL),
(246, 3, '1994-08-15', '2018-12-20 04:26:10', NULL),
(247, 3, '1995-09-29', '2018-12-20 04:26:10', NULL),
(248, 3, '1990-01-25', '2018-12-20 04:26:10', NULL),
(249, 3, '1991-07-09', '2018-12-20 04:26:10', NULL),
(250, 3, '2005-06-27', '2018-12-20 04:26:10', NULL),
(251, 3, '1996-07-27', '2018-12-20 04:26:10', NULL),
(252, 3, '1980-10-15', '2018-12-20 04:26:11', NULL),
(253, 3, '1985-02-06', '2018-12-20 04:26:11', NULL),
(254, 3, '1973-04-15', '2018-12-20 04:26:11', NULL),
(255, 3, '1991-03-11', '2018-12-20 04:26:11', NULL),
(256, 3, '1970-09-19', '2018-12-20 04:26:11', NULL),
(257, 3, '2018-05-28', '2018-12-20 04:26:11', NULL),
(258, 3, '1974-09-29', '2018-12-20 04:26:11', NULL),
(259, 3, '2003-12-12', '2018-12-20 04:26:11', NULL),
(260, 3, '1972-09-18', '2018-12-20 04:26:11', NULL),
(261, 3, '2008-09-30', '2018-12-20 04:26:11', NULL),
(262, 3, '2009-09-30', '2018-12-20 04:26:11', NULL),
(263, 3, '1991-05-30', '2018-12-20 04:26:11', NULL),
(264, 3, '2010-07-18', '2018-12-20 04:26:11', NULL),
(265, 3, '1995-12-19', '2018-12-20 04:26:11', NULL),
(266, 3, '1999-08-19', '2018-12-20 04:26:11', NULL),
(267, 3, '1994-03-17', '2018-12-20 04:26:11', NULL),
(268, 3, '1989-12-06', '2018-12-20 04:26:11', NULL),
(269, 3, '1987-04-30', '2018-12-20 04:26:11', NULL),
(270, 3, '1982-02-07', '2018-12-20 04:26:11', NULL),
(271, 3, '1973-05-31', '2018-12-20 04:26:11', NULL),
(272, 3, '2010-11-20', '2018-12-20 04:26:11', NULL),
(273, 3, '1984-09-19', '2018-12-20 04:26:11', NULL),
(274, 3, '2000-09-02', '2018-12-20 04:26:11', NULL),
(275, 3, '1972-05-12', '2018-12-20 04:26:11', NULL),
(276, 3, '2012-08-31', '2018-12-20 04:26:11', NULL),
(277, 3, '1970-10-13', '2018-12-20 04:26:11', NULL),
(278, 3, '1990-11-15', '2018-12-20 04:26:11', NULL),
(279, 3, '1988-10-13', '2018-12-20 04:26:11', NULL),
(280, 3, '1993-11-06', '2018-12-20 04:26:11', NULL),
(281, 3, '1977-01-02', '2018-12-20 04:26:12', NULL),
(282, 3, '1993-04-12', '2018-12-20 04:26:12', NULL),
(283, 3, '1991-03-14', '2018-12-20 04:26:12', NULL),
(284, 3, '2016-09-15', '2018-12-20 04:26:12', NULL),
(285, 3, '1985-02-28', '2018-12-20 04:26:12', NULL),
(286, 3, '1996-06-06', '2018-12-20 04:26:12', NULL),
(287, 3, '1989-05-10', '2018-12-20 04:26:12', NULL),
(288, 3, '1993-12-03', '2018-12-20 04:26:12', NULL),
(289, 3, '2009-06-19', '2018-12-20 04:26:12', NULL),
(290, 3, '1992-02-22', '2018-12-20 04:26:12', NULL),
(291, 3, '1986-04-13', '2018-12-20 04:26:12', NULL),
(292, 3, '1986-04-08', '2018-12-20 04:26:12', NULL),
(293, 3, '2017-09-07', '2018-12-20 04:26:12', NULL),
(294, 3, '1990-09-03', '2018-12-20 04:26:12', NULL),
(295, 3, '2014-02-18', '2018-12-20 04:26:12', NULL),
(296, 3, '1975-05-07', '2018-12-20 04:26:12', NULL),
(297, 3, '2016-07-30', '2018-12-20 04:26:12', NULL),
(298, 3, '2008-03-31', '2018-12-20 04:26:12', NULL),
(299, 3, '1972-09-23', '2018-12-20 04:26:12', NULL),
(300, 3, '2014-09-05', '2018-12-20 04:26:12', NULL),
(301, 4, '2001-11-10', '2018-12-20 04:26:12', NULL),
(302, 4, '1973-04-19', '2018-12-20 04:26:12', NULL),
(303, 4, '1973-09-21', '2018-12-20 04:26:12', NULL),
(304, 4, '1991-09-14', '2018-12-20 04:26:12', NULL),
(305, 4, '2015-12-27', '2018-12-20 04:26:12', NULL),
(306, 4, '1988-09-11', '2018-12-20 04:26:13', NULL),
(307, 4, '2008-10-22', '2018-12-20 04:26:13', NULL),
(308, 4, '1979-04-23', '2018-12-20 04:26:13', NULL),
(309, 4, '1995-02-18', '2018-12-20 04:26:13', NULL),
(310, 4, '2011-09-27', '2018-12-20 04:26:13', NULL),
(311, 4, '2009-03-27', '2018-12-20 04:26:13', NULL),
(312, 4, '1971-09-09', '2018-12-20 04:26:13', NULL),
(313, 4, '1974-10-24', '2018-12-20 04:26:13', NULL),
(314, 4, '2006-11-10', '2018-12-20 04:26:13', NULL),
(315, 4, '1995-02-01', '2018-12-20 04:26:13', NULL),
(316, 4, '1984-04-03', '2018-12-20 04:26:13', NULL),
(317, 4, '1980-03-31', '2018-12-20 04:26:13', NULL),
(318, 4, '1999-03-17', '2018-12-20 04:26:13', NULL),
(319, 4, '1977-09-11', '2018-12-20 04:26:13', NULL),
(320, 4, '2011-09-13', '2018-12-20 04:26:13', NULL),
(321, 4, '2010-06-16', '2018-12-20 04:26:13', NULL),
(322, 4, '1989-04-16', '2018-12-20 04:26:13', NULL),
(323, 4, '1982-01-16', '2018-12-20 04:26:13', NULL),
(324, 4, '2018-04-03', '2018-12-20 04:26:13', NULL),
(325, 4, '1974-03-15', '2018-12-20 04:26:13', NULL),
(326, 4, '1984-04-19', '2018-12-20 04:26:13', NULL),
(327, 4, '1976-06-22', '2018-12-20 04:26:13', NULL),
(328, 4, '1980-02-22', '2018-12-20 04:26:13', NULL),
(329, 4, '1981-04-28', '2018-12-20 04:26:13', NULL),
(330, 4, '2018-10-29', '2018-12-20 04:26:13', NULL),
(331, 4, '1984-03-25', '2018-12-20 04:26:13', NULL),
(332, 4, '1973-03-11', '2018-12-20 04:26:13', NULL),
(333, 4, '1988-12-30', '2018-12-20 04:26:13', NULL),
(334, 4, '2004-04-22', '2018-12-20 04:26:13', NULL),
(335, 4, '1994-09-17', '2018-12-20 04:26:13', NULL),
(336, 4, '1992-03-08', '2018-12-20 04:26:14', NULL),
(337, 4, '2002-12-05', '2018-12-20 04:26:14', NULL),
(338, 4, '1977-09-08', '2018-12-20 04:26:14', NULL),
(339, 4, '1993-09-22', '2018-12-20 04:26:14', NULL),
(340, 4, '1977-09-23', '2018-12-20 04:26:14', NULL),
(341, 4, '1975-11-25', '2018-12-20 04:26:14', NULL),
(342, 4, '1983-12-20', '2018-12-20 04:26:14', NULL),
(343, 4, '1992-10-15', '2018-12-20 04:26:14', NULL),
(344, 4, '1976-08-09', '2018-12-20 04:26:14', NULL),
(345, 4, '1984-09-11', '2018-12-20 04:26:14', NULL),
(346, 4, '1979-10-03', '2018-12-20 04:26:14', NULL),
(347, 4, '1987-07-11', '2018-12-20 04:26:14', NULL),
(348, 4, '1972-02-19', '2018-12-20 04:26:14', NULL),
(349, 4, '2016-02-13', '2018-12-20 04:26:14', NULL),
(350, 4, '2015-08-03', '2018-12-20 04:26:14', NULL),
(351, 4, '2008-11-24', '2018-12-20 04:26:14', NULL),
(352, 4, '1978-07-20', '2018-12-20 04:26:14', NULL),
(353, 4, '1996-11-27', '2018-12-20 04:26:14', NULL),
(354, 4, '1985-11-12', '2018-12-20 04:26:14', NULL),
(355, 4, '1976-06-26', '2018-12-20 04:26:14', NULL),
(356, 4, '1995-07-23', '2018-12-20 04:26:14', NULL),
(357, 4, '2003-12-12', '2018-12-20 04:26:14', NULL),
(358, 4, '1983-11-06', '2018-12-20 04:26:14', NULL),
(359, 4, '2001-01-10', '2018-12-20 04:26:14', NULL),
(360, 4, '2010-01-04', '2018-12-20 04:26:14', NULL),
(361, 4, '1996-07-11', '2018-12-20 04:26:14', NULL),
(362, 4, '2011-12-13', '2018-12-20 04:26:14', NULL),
(363, 4, '2006-01-09', '2018-12-20 04:26:14', NULL),
(364, 4, '1975-09-08', '2018-12-20 04:26:14', NULL),
(365, 4, '2016-06-18', '2018-12-20 04:26:15', NULL),
(366, 4, '1985-11-10', '2018-12-20 04:26:15', NULL),
(367, 4, '2008-11-08', '2018-12-20 04:26:15', NULL),
(368, 4, '1988-11-23', '2018-12-20 04:26:15', NULL),
(369, 4, '2004-06-23', '2018-12-20 04:26:15', NULL),
(370, 4, '1980-12-05', '2018-12-20 04:26:15', NULL),
(371, 4, '1975-07-29', '2018-12-20 04:26:15', NULL),
(372, 4, '1988-01-15', '2018-12-20 04:26:15', NULL),
(373, 4, '2001-08-12', '2018-12-20 04:26:15', NULL),
(374, 4, '1980-01-11', '2018-12-20 04:26:15', NULL),
(375, 4, '2001-11-01', '2018-12-20 04:26:15', NULL),
(376, 4, '1998-12-20', '2018-12-20 04:26:15', NULL),
(377, 4, '1974-02-04', '2018-12-20 04:26:15', NULL),
(378, 4, '2013-07-01', '2018-12-20 04:26:15', NULL),
(379, 4, '1970-04-09', '2018-12-20 04:26:15', NULL),
(380, 4, '1997-11-16', '2018-12-20 04:26:15', NULL),
(381, 4, '1991-11-10', '2018-12-20 04:26:15', NULL),
(382, 4, '2006-09-05', '2018-12-20 04:26:15', NULL),
(383, 4, '1991-04-03', '2018-12-20 04:26:15', NULL),
(384, 4, '1973-10-13', '2018-12-20 04:26:15', NULL),
(385, 4, '1992-01-31', '2018-12-20 04:26:15', NULL),
(386, 4, '1998-06-04', '2018-12-20 04:26:15', NULL),
(387, 4, '2010-10-01', '2018-12-20 04:26:15', NULL),
(388, 4, '1971-10-18', '2018-12-20 04:26:15', NULL),
(389, 4, '1984-10-05', '2018-12-20 04:26:15', NULL),
(390, 4, '1979-09-26', '2018-12-20 04:26:15', NULL),
(391, 4, '1974-08-02', '2018-12-20 04:26:15', NULL),
(392, 4, '2013-03-24', '2018-12-20 04:26:15', NULL),
(393, 4, '2015-10-15', '2018-12-20 04:26:16', NULL),
(394, 4, '2010-07-05', '2018-12-20 04:26:16', NULL),
(395, 4, '2010-07-09', '2018-12-20 04:26:16', NULL),
(396, 4, '2003-11-22', '2018-12-20 04:26:16', NULL),
(397, 4, '2017-06-04', '2018-12-20 04:26:16', NULL),
(398, 4, '2007-04-07', '2018-12-20 04:26:16', NULL),
(399, 4, '2015-11-29', '2018-12-20 04:26:16', NULL),
(400, 4, '2017-01-08', '2018-12-20 04:26:16', NULL),
(401, 5, '1991-10-29', '2018-12-20 04:26:16', NULL),
(402, 5, '2008-07-12', '2018-12-20 04:26:16', NULL),
(403, 5, '2017-04-30', '2018-12-20 04:26:16', NULL),
(404, 5, '2013-01-30', '2018-12-20 04:26:16', NULL),
(405, 5, '2009-10-15', '2018-12-20 04:26:16', NULL),
(406, 5, '2001-06-23', '2018-12-20 04:26:16', NULL),
(407, 5, '1989-05-30', '2018-12-20 04:26:16', NULL),
(408, 5, '1978-01-02', '2018-12-20 04:26:16', NULL),
(409, 5, '1987-12-09', '2018-12-20 04:26:16', NULL),
(410, 5, '2004-09-07', '2018-12-20 04:26:16', NULL),
(411, 5, '2018-03-19', '2018-12-20 04:26:16', NULL),
(412, 5, '2012-03-31', '2018-12-20 04:26:16', NULL),
(413, 5, '1997-12-03', '2018-12-20 04:26:16', NULL),
(414, 5, '2014-04-23', '2018-12-20 04:26:16', NULL),
(415, 5, '2010-07-31', '2018-12-20 04:26:16', NULL),
(416, 5, '1976-03-31', '2018-12-20 04:26:16', NULL),
(417, 5, '2015-03-02', '2018-12-20 04:26:16', NULL),
(418, 5, '1990-10-19', '2018-12-20 04:26:16', NULL),
(419, 5, '1972-01-01', '2018-12-20 04:26:16', NULL),
(420, 5, '1980-11-07', '2018-12-20 04:26:16', NULL),
(421, 5, '2005-12-27', '2018-12-20 04:26:16', NULL),
(422, 5, '1992-01-05', '2018-12-20 04:26:16', NULL),
(423, 5, '2014-02-13', '2018-12-20 04:26:17', NULL),
(424, 5, '1993-09-27', '2018-12-20 04:26:17', NULL),
(425, 5, '1985-08-20', '2018-12-20 04:26:17', NULL),
(426, 5, '2010-09-22', '2018-12-20 04:26:17', NULL),
(427, 5, '2006-05-22', '2018-12-20 04:26:17', NULL),
(428, 5, '1970-06-09', '2018-12-20 04:26:17', NULL),
(429, 5, '2002-03-27', '2018-12-20 04:26:17', NULL),
(430, 5, '1987-05-25', '2018-12-20 04:26:17', NULL),
(431, 5, '2005-10-07', '2018-12-20 04:26:17', NULL),
(432, 5, '1996-07-27', '2018-12-20 04:26:17', NULL),
(433, 5, '1994-05-28', '2018-12-20 04:26:17', NULL),
(434, 5, '1970-03-15', '2018-12-20 04:26:17', NULL),
(435, 5, '1975-05-12', '2018-12-20 04:26:17', NULL),
(436, 5, '2012-07-13', '2018-12-20 04:26:17', NULL),
(437, 5, '1986-04-21', '2018-12-20 04:26:17', NULL),
(438, 5, '1981-04-05', '2018-12-20 04:26:17', NULL),
(439, 5, '1977-05-22', '2018-12-20 04:26:17', NULL),
(440, 5, '2011-01-06', '2018-12-20 04:26:17', NULL),
(441, 5, '2007-02-04', '2018-12-20 04:26:17', NULL),
(442, 5, '2012-07-02', '2018-12-20 04:26:17', NULL),
(443, 5, '1983-10-10', '2018-12-20 04:26:17', NULL),
(444, 5, '1979-09-07', '2018-12-20 04:26:17', NULL),
(445, 5, '2010-04-07', '2018-12-20 04:26:17', NULL),
(446, 5, '1997-01-13', '2018-12-20 04:26:17', NULL),
(447, 5, '2012-10-23', '2018-12-20 04:26:17', NULL),
(448, 5, '1993-06-06', '2018-12-20 04:26:17', NULL),
(449, 5, '1981-06-28', '2018-12-20 04:26:17', NULL),
(450, 5, '1983-07-22', '2018-12-20 04:26:17', NULL),
(451, 5, '1990-01-09', '2018-12-20 04:26:18', NULL),
(452, 5, '2003-04-30', '2018-12-20 04:26:18', NULL),
(453, 5, '2009-07-01', '2018-12-20 04:26:18', NULL),
(454, 5, '1993-09-14', '2018-12-20 04:26:18', NULL),
(455, 5, '1978-12-31', '2018-12-20 04:26:18', NULL),
(456, 5, '2009-10-18', '2018-12-20 04:26:18', NULL),
(457, 5, '1978-11-10', '2018-12-20 04:26:18', NULL),
(458, 5, '2007-11-21', '2018-12-20 04:26:18', NULL),
(459, 5, '2005-09-21', '2018-12-20 04:26:18', NULL),
(460, 5, '2012-09-15', '2018-12-20 04:26:18', NULL),
(461, 5, '2017-04-22', '2018-12-20 04:26:18', NULL),
(462, 5, '2005-05-14', '2018-12-20 04:26:18', NULL),
(463, 5, '2000-09-20', '2018-12-20 04:26:18', NULL),
(464, 5, '1972-09-11', '2018-12-20 04:26:18', NULL),
(465, 5, '2016-06-11', '2018-12-20 04:26:18', NULL),
(466, 5, '1988-04-22', '2018-12-20 04:26:18', NULL),
(467, 5, '1975-03-31', '2018-12-20 04:26:18', NULL),
(468, 5, '1986-01-27', '2018-12-20 04:26:18', NULL),
(469, 5, '1996-10-03', '2018-12-20 04:26:18', NULL),
(470, 5, '2015-11-25', '2018-12-20 04:26:18', NULL),
(471, 5, '1996-11-03', '2018-12-20 04:26:18', NULL),
(472, 5, '2008-09-16', '2018-12-20 04:26:18', NULL),
(473, 5, '1974-05-25', '2018-12-20 04:26:18', NULL),
(474, 5, '1977-03-23', '2018-12-20 04:26:18', NULL),
(475, 5, '1988-11-21', '2018-12-20 04:26:18', NULL),
(476, 5, '1982-07-14', '2018-12-20 04:26:18', NULL),
(477, 5, '2004-10-30', '2018-12-20 04:26:18', NULL),
(478, 5, '2012-05-10', '2018-12-20 04:26:18', NULL),
(479, 5, '2009-09-02', '2018-12-20 04:26:18', NULL),
(480, 5, '2018-07-29', '2018-12-20 04:26:19', NULL),
(481, 5, '1975-12-30', '2018-12-20 04:26:19', NULL),
(482, 5, '1981-05-27', '2018-12-20 04:26:19', NULL),
(483, 5, '1983-07-09', '2018-12-20 04:26:19', NULL),
(484, 5, '1975-03-28', '2018-12-20 04:26:19', NULL),
(485, 5, '1975-08-29', '2018-12-20 04:26:19', NULL),
(486, 5, '2014-08-15', '2018-12-20 04:26:19', NULL),
(487, 5, '1981-12-22', '2018-12-20 04:26:19', NULL),
(488, 5, '1979-11-17', '2018-12-20 04:26:19', NULL),
(489, 5, '2005-10-20', '2018-12-20 04:26:19', NULL),
(490, 5, '1999-10-22', '2018-12-20 04:26:19', NULL),
(491, 5, '1986-08-09', '2018-12-20 04:26:19', NULL),
(492, 5, '1971-03-26', '2018-12-20 04:26:19', NULL),
(493, 5, '2005-09-26', '2018-12-20 04:26:19', NULL),
(494, 5, '1986-12-19', '2018-12-20 04:26:19', NULL),
(495, 5, '1995-06-08', '2018-12-20 04:26:19', NULL),
(496, 5, '1984-05-12', '2018-12-20 04:26:19', NULL),
(497, 5, '2018-07-06', '2018-12-20 04:26:19', NULL),
(498, 5, '2011-01-22', '2018-12-20 04:26:19', NULL),
(499, 5, '2001-01-02', '2018-12-20 04:26:19', NULL),
(500, 5, '2008-08-03', '2018-12-20 04:26:19', NULL),
(501, 6, '1989-02-15', '2018-12-20 04:26:19', NULL),
(502, 6, '2016-05-02', '2018-12-20 04:26:19', NULL),
(503, 6, '1981-01-22', '2018-12-20 04:26:19', NULL),
(504, 6, '1973-03-20', '2018-12-20 04:26:19', NULL),
(505, 6, '2000-06-27', '2018-12-20 04:26:19', NULL),
(506, 6, '1990-04-01', '2018-12-20 04:26:19', NULL),
(507, 6, '1982-10-10', '2018-12-20 04:26:19', NULL),
(508, 6, '1973-05-30', '2018-12-20 04:26:19', NULL),
(509, 6, '1981-11-17', '2018-12-20 04:26:20', NULL),
(510, 6, '1998-10-24', '2018-12-20 04:26:20', NULL),
(511, 6, '1993-07-04', '2018-12-20 04:26:20', NULL),
(512, 6, '1995-10-03', '2018-12-20 04:26:20', NULL),
(513, 6, '1974-09-26', '2018-12-20 04:26:20', NULL),
(514, 6, '1986-06-03', '2018-12-20 04:26:20', NULL),
(515, 6, '2014-07-14', '2018-12-20 04:26:20', NULL),
(516, 6, '1972-12-26', '2018-12-20 04:26:20', NULL),
(517, 6, '1976-04-28', '2018-12-20 04:26:20', NULL),
(518, 6, '1994-10-07', '2018-12-20 04:26:20', NULL),
(519, 6, '1994-04-30', '2018-12-20 04:26:20', NULL),
(520, 6, '1990-09-03', '2018-12-20 04:26:20', NULL),
(521, 6, '2010-03-05', '2018-12-20 04:26:20', NULL),
(522, 6, '1997-04-02', '2018-12-20 04:26:20', NULL),
(523, 6, '1972-10-13', '2018-12-20 04:26:20', NULL),
(524, 6, '2008-11-23', '2018-12-20 04:26:20', NULL),
(525, 6, '1980-02-03', '2018-12-20 04:26:20', NULL),
(526, 6, '1999-05-31', '2018-12-20 04:26:20', NULL),
(527, 6, '1981-08-17', '2018-12-20 04:26:20', NULL),
(528, 6, '2009-09-22', '2018-12-20 04:26:20', NULL),
(529, 6, '1990-07-01', '2018-12-20 04:26:20', NULL),
(530, 6, '2009-10-02', '2018-12-20 04:26:20', NULL),
(531, 6, '1993-05-06', '2018-12-20 04:26:20', NULL),
(532, 6, '2007-05-27', '2018-12-20 04:26:20', NULL),
(533, 6, '2007-02-22', '2018-12-20 04:26:20', NULL),
(534, 6, '1980-01-27', '2018-12-20 04:26:20', NULL),
(535, 6, '1993-03-06', '2018-12-20 04:26:20', NULL),
(536, 6, '1993-12-21', '2018-12-20 04:26:20', NULL),
(537, 6, '1991-09-14', '2018-12-20 04:26:20', NULL),
(538, 6, '1996-10-23', '2018-12-20 04:26:20', NULL),
(539, 6, '2017-01-29', '2018-12-20 04:26:21', NULL),
(540, 6, '1970-08-25', '2018-12-20 04:26:21', NULL),
(541, 6, '1997-04-17', '2018-12-20 04:26:21', NULL),
(542, 6, '1984-11-09', '2018-12-20 04:26:21', NULL),
(543, 6, '2012-04-04', '2018-12-20 04:26:21', NULL),
(544, 6, '1984-09-11', '2018-12-20 04:26:21', NULL),
(545, 6, '1994-05-11', '2018-12-20 04:26:21', NULL),
(546, 6, '2002-12-16', '2018-12-20 04:26:21', NULL),
(547, 6, '1970-04-13', '2018-12-20 04:26:21', NULL),
(548, 6, '1994-04-14', '2018-12-20 04:26:21', NULL),
(549, 6, '1981-02-14', '2018-12-20 04:26:21', NULL),
(550, 6, '1989-08-06', '2018-12-20 04:26:21', NULL),
(551, 6, '1971-04-19', '2018-12-20 04:26:21', NULL),
(552, 6, '1999-11-18', '2018-12-20 04:26:21', NULL),
(553, 6, '2007-11-05', '2018-12-20 04:26:21', NULL),
(554, 6, '2000-08-16', '2018-12-20 04:26:21', NULL),
(555, 6, '2002-02-20', '2018-12-20 04:26:21', NULL),
(556, 6, '1999-01-07', '2018-12-20 04:26:21', NULL),
(557, 6, '1998-11-17', '2018-12-20 04:26:21', NULL),
(558, 6, '1983-02-17', '2018-12-20 04:26:21', NULL),
(559, 6, '2006-12-12', '2018-12-20 04:26:21', NULL),
(560, 6, '2005-09-01', '2018-12-20 04:26:21', NULL),
(561, 6, '2012-03-19', '2018-12-20 04:26:21', NULL),
(562, 6, '2005-08-16', '2018-12-20 04:26:21', NULL),
(563, 6, '1998-03-04', '2018-12-20 04:26:21', NULL),
(564, 6, '2000-06-04', '2018-12-20 04:26:21', NULL),
(565, 6, '1997-09-20', '2018-12-20 04:26:21', NULL),
(566, 6, '1980-08-10', '2018-12-20 04:26:21', NULL),
(567, 6, '1970-01-23', '2018-12-20 04:26:21', NULL),
(568, 6, '2014-05-13', '2018-12-20 04:26:21', NULL),
(569, 6, '1995-07-13', '2018-12-20 04:26:22', NULL),
(570, 6, '1980-06-05', '2018-12-20 04:26:22', NULL),
(571, 6, '2010-06-17', '2018-12-20 04:26:22', NULL),
(572, 6, '2014-02-10', '2018-12-20 04:26:22', NULL),
(573, 6, '1997-02-10', '2018-12-20 04:26:22', NULL),
(574, 6, '1974-03-02', '2018-12-20 04:26:22', NULL),
(575, 6, '1971-12-04', '2018-12-20 04:26:22', NULL),
(576, 6, '1997-12-17', '2018-12-20 04:26:22', NULL),
(577, 6, '2010-05-06', '2018-12-20 04:26:22', NULL),
(578, 6, '2014-12-09', '2018-12-20 04:26:22', NULL),
(579, 6, '1972-08-15', '2018-12-20 04:26:22', NULL),
(580, 6, '2018-05-02', '2018-12-20 04:26:22', NULL),
(581, 6, '2013-08-23', '2018-12-20 04:26:22', NULL),
(582, 6, '1973-11-20', '2018-12-20 04:26:22', NULL),
(583, 6, '2002-02-27', '2018-12-20 04:26:22', NULL),
(584, 6, '2001-03-04', '2018-12-20 04:26:22', NULL),
(585, 6, '1985-09-08', '2018-12-20 04:26:22', NULL),
(586, 6, '2006-12-03', '2018-12-20 04:26:22', NULL),
(587, 6, '1989-12-17', '2018-12-20 04:26:22', NULL),
(588, 6, '2003-05-01', '2018-12-20 04:26:22', NULL),
(589, 6, '1993-03-18', '2018-12-20 04:26:22', NULL),
(590, 6, '1971-09-12', '2018-12-20 04:26:22', NULL),
(591, 6, '1989-06-09', '2018-12-20 04:26:22', NULL),
(592, 6, '2004-06-04', '2018-12-20 04:26:22', NULL),
(593, 6, '1993-03-01', '2018-12-20 04:26:22', NULL),
(594, 6, '1973-03-17', '2018-12-20 04:26:22', NULL),
(595, 6, '2015-06-25', '2018-12-20 04:26:22', NULL),
(596, 6, '1984-10-10', '2018-12-20 04:26:22', NULL),
(597, 6, '1971-01-06', '2018-12-20 04:26:22', NULL),
(598, 6, '2011-11-30', '2018-12-20 04:26:23', NULL),
(599, 6, '1993-09-07', '2018-12-20 04:26:23', NULL),
(600, 6, '1977-05-30', '2018-12-20 04:26:23', NULL),
(601, 7, '1973-11-26', '2018-12-20 04:26:23', NULL),
(602, 7, '1993-02-12', '2018-12-20 04:26:23', NULL),
(603, 7, '2000-04-09', '2018-12-20 04:26:23', NULL),
(604, 7, '1978-01-02', '2018-12-20 04:26:23', NULL),
(605, 7, '2001-12-07', '2018-12-20 04:26:23', NULL),
(606, 7, '2002-09-04', '2018-12-20 04:26:23', NULL),
(607, 7, '1977-12-06', '2018-12-20 04:26:23', NULL),
(608, 7, '2004-10-09', '2018-12-20 04:26:23', NULL),
(609, 7, '2018-08-02', '2018-12-20 04:26:23', NULL),
(610, 7, '1992-10-15', '2018-12-20 04:26:23', NULL),
(611, 7, '2016-03-17', '2018-12-20 04:26:23', NULL),
(612, 7, '1999-08-14', '2018-12-20 04:26:23', NULL),
(613, 7, '1985-04-02', '2018-12-20 04:26:23', NULL),
(614, 7, '2005-07-23', '2018-12-20 04:26:23', NULL),
(615, 7, '2012-03-30', '2018-12-20 04:26:23', NULL),
(616, 7, '1989-08-06', '2018-12-20 04:26:23', NULL),
(617, 7, '2014-11-29', '2018-12-20 04:26:23', NULL),
(618, 7, '1974-11-13', '2018-12-20 04:26:23', NULL),
(619, 7, '1977-09-01', '2018-12-20 04:26:23', NULL),
(620, 7, '1998-07-07', '2018-12-20 04:26:23', NULL),
(621, 7, '2010-12-23', '2018-12-20 04:26:24', NULL),
(622, 7, '1976-06-16', '2018-12-20 04:26:24', NULL),
(623, 7, '1975-01-01', '2018-12-20 04:26:24', NULL),
(624, 7, '1988-01-20', '2018-12-20 04:26:24', NULL),
(625, 7, '1995-09-27', '2018-12-20 04:26:24', NULL),
(626, 7, '1991-11-04', '2018-12-20 04:26:24', NULL),
(627, 7, '1994-08-21', '2018-12-20 04:26:24', NULL),
(628, 7, '1977-03-17', '2018-12-20 04:26:24', NULL),
(629, 7, '2007-11-24', '2018-12-20 04:26:24', NULL),
(630, 7, '1971-09-07', '2018-12-20 04:26:24', NULL),
(631, 7, '1996-09-07', '2018-12-20 04:26:24', NULL),
(632, 7, '1974-05-12', '2018-12-20 04:26:24', NULL),
(633, 7, '1998-05-16', '2018-12-20 04:26:24', NULL),
(634, 7, '1997-04-17', '2018-12-20 04:26:24', NULL),
(635, 7, '2006-10-13', '2018-12-20 04:26:24', NULL),
(636, 7, '1985-02-17', '2018-12-20 04:26:24', NULL),
(637, 7, '2010-03-16', '2018-12-20 04:26:24', NULL),
(638, 7, '2009-10-25', '2018-12-20 04:26:24', NULL),
(639, 7, '2013-08-13', '2018-12-20 04:26:24', NULL),
(640, 7, '1983-01-25', '2018-12-20 04:26:24', NULL),
(641, 7, '2017-10-13', '2018-12-20 04:26:24', NULL),
(642, 7, '1974-04-08', '2018-12-20 04:26:24', NULL),
(643, 7, '2004-09-18', '2018-12-20 04:26:24', NULL),
(644, 7, '1993-11-18', '2018-12-20 04:26:24', NULL),
(645, 7, '1974-07-12', '2018-12-20 04:26:24', NULL),
(646, 7, '2004-03-01', '2018-12-20 04:26:24', NULL),
(647, 7, '2014-08-12', '2018-12-20 04:26:24', NULL),
(648, 7, '2004-09-17', '2018-12-20 04:26:24', NULL),
(649, 7, '2001-06-25', '2018-12-20 04:26:24', NULL),
(650, 7, '2007-08-16', '2018-12-20 04:26:24', NULL),
(651, 7, '1987-04-30', '2018-12-20 04:26:25', NULL),
(652, 7, '2004-08-22', '2018-12-20 04:26:25', NULL),
(653, 7, '1985-01-26', '2018-12-20 04:26:25', NULL),
(654, 7, '1978-04-11', '2018-12-20 04:26:25', NULL),
(655, 7, '2016-03-27', '2018-12-20 04:26:25', NULL),
(656, 7, '2014-09-19', '2018-12-20 04:26:25', NULL),
(657, 7, '2003-04-13', '2018-12-20 04:26:25', NULL),
(658, 7, '2012-03-18', '2018-12-20 04:26:25', NULL),
(659, 7, '1976-11-18', '2018-12-20 04:26:25', NULL),
(660, 7, '2010-02-22', '2018-12-20 04:26:25', NULL),
(661, 7, '2006-10-08', '2018-12-20 04:26:25', NULL),
(662, 7, '1992-02-02', '2018-12-20 04:26:25', NULL),
(663, 7, '1987-10-05', '2018-12-20 04:26:25', NULL),
(664, 7, '2016-07-28', '2018-12-20 04:26:25', NULL),
(665, 7, '2006-02-17', '2018-12-20 04:26:25', NULL),
(666, 7, '1978-04-09', '2018-12-20 04:26:25', NULL),
(667, 7, '1980-06-07', '2018-12-20 04:26:25', NULL),
(668, 7, '1997-10-02', '2018-12-20 04:26:25', NULL),
(669, 7, '1970-04-20', '2018-12-20 04:26:25', NULL),
(670, 7, '2018-05-14', '2018-12-20 04:26:25', NULL),
(671, 7, '2005-01-21', '2018-12-20 04:26:25', NULL),
(672, 7, '1979-10-04', '2018-12-20 04:26:25', NULL),
(673, 7, '2005-01-25', '2018-12-20 04:26:25', NULL),
(674, 7, '1986-02-10', '2018-12-20 04:26:25', NULL),
(675, 7, '1985-09-30', '2018-12-20 04:26:25', NULL),
(676, 7, '1987-04-13', '2018-12-20 04:26:25', NULL),
(677, 7, '1974-10-12', '2018-12-20 04:26:25', NULL),
(678, 7, '1989-04-24', '2018-12-20 04:26:26', NULL),
(679, 7, '1982-10-12', '2018-12-20 04:26:26', NULL),
(680, 7, '1974-09-30', '2018-12-20 04:26:26', NULL),
(681, 7, '2009-01-22', '2018-12-20 04:26:26', NULL),
(682, 7, '1981-02-28', '2018-12-20 04:26:26', NULL),
(683, 7, '2016-03-18', '2018-12-20 04:26:26', NULL),
(684, 7, '1977-07-10', '2018-12-20 04:26:26', NULL),
(685, 7, '1986-07-26', '2018-12-20 04:26:26', NULL),
(686, 7, '1985-10-26', '2018-12-20 04:26:26', NULL),
(687, 7, '2015-04-08', '2018-12-20 04:26:26', NULL),
(688, 7, '1988-01-25', '2018-12-20 04:26:26', NULL),
(689, 7, '1993-01-22', '2018-12-20 04:26:26', NULL),
(690, 7, '2011-10-24', '2018-12-20 04:26:26', NULL),
(691, 7, '1977-06-18', '2018-12-20 04:26:26', NULL),
(692, 7, '2000-08-06', '2018-12-20 04:26:26', NULL),
(693, 7, '1988-07-31', '2018-12-20 04:26:26', NULL),
(694, 7, '2012-06-03', '2018-12-20 04:26:26', NULL),
(695, 7, '1994-10-20', '2018-12-20 04:26:26', NULL),
(696, 7, '1993-07-28', '2018-12-20 04:26:26', NULL),
(697, 7, '1981-11-18', '2018-12-20 04:26:26', NULL),
(698, 7, '1998-01-29', '2018-12-20 04:26:26', NULL),
(699, 7, '2008-10-12', '2018-12-20 04:26:26', NULL),
(700, 7, '2010-03-23', '2018-12-20 04:26:26', NULL),
(701, 8, '2017-08-16', '2018-12-20 04:26:26', NULL),
(702, 8, '1998-08-01', '2018-12-20 04:26:26', NULL),
(703, 8, '1991-08-30', '2018-12-20 04:26:26', NULL),
(704, 8, '2001-02-16', '2018-12-20 04:26:26', NULL),
(705, 8, '2017-04-24', '2018-12-20 04:26:26', NULL),
(706, 8, '1987-12-04', '2018-12-20 04:26:27', NULL),
(707, 8, '2014-05-27', '2018-12-20 04:26:27', NULL),
(708, 8, '1972-07-26', '2018-12-20 04:26:27', NULL),
(709, 8, '1974-07-21', '2018-12-20 04:26:27', NULL),
(710, 8, '1983-03-26', '2018-12-20 04:26:27', NULL),
(711, 8, '1982-01-06', '2018-12-20 04:26:27', NULL),
(712, 8, '1991-01-08', '2018-12-20 04:26:27', NULL),
(713, 8, '1977-10-17', '2018-12-20 04:26:27', NULL),
(714, 8, '1993-11-07', '2018-12-20 04:26:27', NULL),
(715, 8, '1975-03-09', '2018-12-20 04:26:27', NULL),
(716, 8, '2007-02-13', '2018-12-20 04:26:27', NULL),
(717, 8, '1991-03-05', '2018-12-20 04:26:27', NULL),
(718, 8, '1985-07-15', '2018-12-20 04:26:27', NULL),
(719, 8, '1993-06-25', '2018-12-20 04:26:27', NULL),
(720, 8, '2005-02-03', '2018-12-20 04:26:27', NULL),
(721, 8, '1990-12-14', '2018-12-20 04:26:27', NULL),
(722, 8, '2013-07-02', '2018-12-20 04:26:27', NULL),
(723, 8, '1983-12-03', '2018-12-20 04:26:27', NULL),
(724, 8, '2002-05-31', '2018-12-20 04:26:27', NULL),
(725, 8, '2018-03-31', '2018-12-20 04:26:27', NULL),
(726, 8, '2018-01-05', '2018-12-20 04:26:27', NULL),
(727, 8, '2011-05-26', '2018-12-20 04:26:27', NULL),
(728, 8, '1977-02-20', '2018-12-20 04:26:27', NULL),
(729, 8, '2014-09-13', '2018-12-20 04:26:27', NULL),
(730, 8, '2016-01-01', '2018-12-20 04:26:27', NULL),
(731, 8, '2007-08-24', '2018-12-20 04:26:27', NULL),
(732, 8, '1978-02-22', '2018-12-20 04:26:27', NULL),
(733, 8, '2008-11-17', '2018-12-20 04:26:27', NULL),
(734, 8, '1970-03-19', '2018-12-20 04:26:27', NULL),
(735, 8, '1980-04-12', '2018-12-20 04:26:28', NULL),
(736, 8, '1993-06-04', '2018-12-20 04:26:28', NULL),
(737, 8, '1997-11-06', '2018-12-20 04:26:28', NULL),
(738, 8, '1999-01-28', '2018-12-20 04:26:28', NULL),
(739, 8, '2006-07-03', '2018-12-20 04:26:28', NULL),
(740, 8, '1995-10-25', '2018-12-20 04:26:28', NULL),
(741, 8, '1998-03-28', '2018-12-20 04:26:28', NULL),
(742, 8, '1986-04-13', '2018-12-20 04:26:28', NULL),
(743, 8, '2015-03-10', '2018-12-20 04:26:28', NULL),
(744, 8, '1982-09-23', '2018-12-20 04:26:28', NULL),
(745, 8, '1995-09-01', '2018-12-20 04:26:28', NULL),
(746, 8, '2011-07-13', '2018-12-20 04:26:28', NULL),
(747, 8, '1988-07-20', '2018-12-20 04:26:28', NULL),
(748, 8, '1977-05-31', '2018-12-20 04:26:28', NULL),
(749, 8, '1971-03-23', '2018-12-20 04:26:28', NULL),
(750, 8, '1973-07-14', '2018-12-20 04:26:28', NULL),
(751, 8, '1994-05-19', '2018-12-20 04:26:28', NULL),
(752, 8, '1996-02-09', '2018-12-20 04:26:28', NULL),
(753, 8, '1976-10-13', '2018-12-20 04:26:28', NULL),
(754, 8, '1999-03-03', '2018-12-20 04:26:28', NULL),
(755, 8, '1985-05-31', '2018-12-20 04:26:28', NULL),
(756, 8, '1999-08-26', '2018-12-20 04:26:28', NULL),
(757, 8, '1984-10-01', '2018-12-20 04:26:28', NULL),
(758, 8, '1992-09-11', '2018-12-20 04:26:28', NULL),
(759, 8, '1975-10-23', '2018-12-20 04:26:28', NULL),
(760, 8, '2010-11-07', '2018-12-20 04:26:28', NULL),
(761, 8, '2006-09-24', '2018-12-20 04:26:28', NULL),
(762, 8, '1997-11-16', '2018-12-20 04:26:28', NULL),
(763, 8, '1980-11-27', '2018-12-20 04:26:28', NULL),
(764, 8, '1980-03-13', '2018-12-20 04:26:29', NULL),
(765, 8, '1977-09-26', '2018-12-20 04:26:29', NULL),
(766, 8, '1996-11-01', '2018-12-20 04:26:29', NULL),
(767, 8, '1977-03-27', '2018-12-20 04:26:29', NULL),
(768, 8, '1989-09-21', '2018-12-20 04:26:29', NULL),
(769, 8, '1976-06-29', '2018-12-20 04:26:29', NULL),
(770, 8, '1988-02-16', '2018-12-20 04:26:29', NULL),
(771, 8, '1988-10-12', '2018-12-20 04:26:29', NULL),
(772, 8, '1976-02-22', '2018-12-20 04:26:29', NULL),
(773, 8, '1980-08-27', '2018-12-20 04:26:29', NULL),
(774, 8, '2014-07-16', '2018-12-20 04:26:29', NULL),
(775, 8, '1999-09-15', '2018-12-20 04:26:29', NULL),
(776, 8, '1996-10-03', '2018-12-20 04:26:29', NULL),
(777, 8, '1994-10-06', '2018-12-20 04:26:29', NULL),
(778, 8, '1979-06-08', '2018-12-20 04:26:29', NULL),
(779, 8, '1994-08-19', '2018-12-20 04:26:29', NULL),
(780, 8, '1971-06-06', '2018-12-20 04:26:29', NULL),
(781, 8, '1983-12-19', '2018-12-20 04:26:29', NULL),
(782, 8, '1999-07-15', '2018-12-20 04:26:29', NULL),
(783, 8, '1997-01-13', '2018-12-20 04:26:29', NULL),
(784, 8, '1970-03-02', '2018-12-20 04:26:29', NULL),
(785, 8, '1992-08-27', '2018-12-20 04:26:29', NULL),
(786, 8, '1997-02-02', '2018-12-20 04:26:29', NULL),
(787, 8, '1999-08-12', '2018-12-20 04:26:29', NULL),
(788, 8, '1978-03-24', '2018-12-20 04:26:29', NULL),
(789, 8, '1973-11-10', '2018-12-20 04:26:29', NULL),
(790, 8, '2000-12-16', '2018-12-20 04:26:29', NULL),
(791, 8, '1973-06-06', '2018-12-20 04:26:29', NULL),
(792, 8, '1984-11-20', '2018-12-20 04:26:29', NULL),
(793, 8, '2012-04-10', '2018-12-20 04:26:30', NULL),
(794, 8, '1977-03-11', '2018-12-20 04:26:30', NULL),
(795, 8, '2004-06-17', '2018-12-20 04:26:30', NULL),
(796, 8, '1975-11-04', '2018-12-20 04:26:30', NULL),
(797, 8, '1976-09-16', '2018-12-20 04:26:30', NULL),
(798, 8, '2001-09-08', '2018-12-20 04:26:30', NULL),
(799, 8, '2004-02-15', '2018-12-20 04:26:30', NULL),
(800, 8, '2006-05-02', '2018-12-20 04:26:30', NULL),
(801, 9, '2003-10-01', '2018-12-20 04:26:30', NULL),
(802, 9, '1971-07-31', '2018-12-20 04:26:30', NULL),
(803, 9, '2008-09-18', '2018-12-20 04:26:30', NULL),
(804, 9, '1996-02-28', '2018-12-20 04:26:30', NULL),
(805, 9, '2013-06-01', '2018-12-20 04:26:30', NULL),
(806, 9, '1978-04-09', '2018-12-20 04:26:30', NULL),
(807, 9, '2007-03-02', '2018-12-20 04:26:30', NULL),
(808, 9, '1975-07-03', '2018-12-20 04:26:30', NULL),
(809, 9, '1980-06-18', '2018-12-20 04:26:30', NULL),
(810, 9, '2007-05-13', '2018-12-20 04:26:30', NULL),
(811, 9, '1990-01-30', '2018-12-20 04:26:30', NULL),
(812, 9, '2011-03-25', '2018-12-20 04:26:30', NULL),
(813, 9, '1983-08-13', '2018-12-20 04:26:30', NULL),
(814, 9, '1978-10-27', '2018-12-20 04:26:30', NULL),
(815, 9, '1998-05-10', '2018-12-20 04:26:30', NULL),
(816, 9, '1971-10-15', '2018-12-20 04:26:30', NULL),
(817, 9, '2013-07-13', '2018-12-20 04:26:30', NULL),
(818, 9, '2012-09-30', '2018-12-20 04:26:30', NULL),
(819, 9, '1995-08-24', '2018-12-20 04:26:30', NULL),
(820, 9, '2000-01-02', '2018-12-20 04:26:30', NULL),
(821, 9, '2002-11-15', '2018-12-20 04:26:30', NULL),
(822, 9, '2008-03-02', '2018-12-20 04:26:30', NULL),
(823, 9, '2007-09-27', '2018-12-20 04:26:31', NULL),
(824, 9, '2006-09-20', '2018-12-20 04:26:31', NULL),
(825, 9, '2006-06-13', '2018-12-20 04:26:31', NULL),
(826, 9, '1999-05-29', '2018-12-20 04:26:31', NULL),
(827, 9, '1993-09-02', '2018-12-20 04:26:31', NULL),
(828, 9, '2017-05-24', '2018-12-20 04:26:31', NULL),
(829, 9, '1972-08-12', '2018-12-20 04:26:31', NULL),
(830, 9, '1983-06-22', '2018-12-20 04:26:31', NULL),
(831, 9, '1979-11-29', '2018-12-20 04:26:31', NULL),
(832, 9, '1984-12-01', '2018-12-20 04:26:31', NULL),
(833, 9, '1991-08-24', '2018-12-20 04:26:31', NULL),
(834, 9, '2009-10-10', '2018-12-20 04:26:31', NULL),
(835, 9, '1993-05-01', '2018-12-20 04:26:31', NULL),
(836, 9, '1974-12-26', '2018-12-20 04:26:31', NULL),
(837, 9, '2000-11-24', '2018-12-20 04:26:31', NULL),
(838, 9, '2011-02-12', '2018-12-20 04:26:31', NULL),
(839, 9, '2009-01-05', '2018-12-20 04:26:31', NULL),
(840, 9, '1984-10-01', '2018-12-20 04:26:31', NULL),
(841, 9, '1995-06-09', '2018-12-20 04:26:31', NULL),
(842, 9, '2010-07-12', '2018-12-20 04:26:31', NULL),
(843, 9, '2012-01-30', '2018-12-20 04:26:31', NULL),
(844, 9, '1980-06-07', '2018-12-20 04:26:31', NULL),
(845, 9, '1988-01-25', '2018-12-20 04:26:31', NULL),
(846, 9, '2011-02-21', '2018-12-20 04:26:31', NULL),
(847, 9, '1989-06-05', '2018-12-20 04:26:31', NULL),
(848, 9, '1989-02-15', '2018-12-20 04:26:31', NULL),
(849, 9, '1991-01-31', '2018-12-20 04:26:31', NULL),
(850, 9, '2017-01-18', '2018-12-20 04:26:31', NULL),
(851, 9, '2001-06-03', '2018-12-20 04:26:31', NULL),
(852, 9, '2018-10-31', '2018-12-20 04:26:32', NULL),
(853, 9, '1980-11-30', '2018-12-20 04:26:32', NULL),
(854, 9, '2007-01-21', '2018-12-20 04:26:32', NULL),
(855, 9, '1972-12-04', '2018-12-20 04:26:32', NULL),
(856, 9, '1970-12-26', '2018-12-20 04:26:32', NULL),
(857, 9, '1971-11-01', '2018-12-20 04:26:32', NULL),
(858, 9, '1998-10-30', '2018-12-20 04:26:32', NULL),
(859, 9, '1990-07-12', '2018-12-20 04:26:32', NULL),
(860, 9, '1977-09-29', '2018-12-20 04:26:32', NULL),
(861, 9, '2018-06-13', '2018-12-20 04:26:32', NULL),
(862, 9, '1972-01-21', '2018-12-20 04:26:32', NULL),
(863, 9, '1994-12-01', '2018-12-20 04:26:32', NULL),
(864, 9, '2014-06-23', '2018-12-20 04:26:32', NULL),
(865, 9, '2016-02-17', '2018-12-20 04:26:32', NULL),
(866, 9, '2001-03-01', '2018-12-20 04:26:32', NULL),
(867, 9, '1984-09-12', '2018-12-20 04:26:32', NULL),
(868, 9, '2008-05-14', '2018-12-20 04:26:32', NULL),
(869, 9, '1981-07-06', '2018-12-20 04:26:32', NULL),
(870, 9, '2004-06-08', '2018-12-20 04:26:32', NULL),
(871, 9, '2009-07-20', '2018-12-20 04:26:32', NULL),
(872, 9, '1979-03-12', '2018-12-20 04:26:32', NULL),
(873, 9, '1988-03-08', '2018-12-20 04:26:32', NULL),
(874, 9, '1978-12-17', '2018-12-20 04:26:32', NULL),
(875, 9, '1974-07-30', '2018-12-20 04:26:32', NULL),
(876, 9, '1988-01-15', '2018-12-20 04:26:32', NULL),
(877, 9, '1985-11-03', '2018-12-20 04:26:32', NULL),
(878, 9, '2006-03-13', '2018-12-20 04:26:32', NULL),
(879, 9, '2011-07-05', '2018-12-20 04:26:33', NULL),
(880, 9, '2009-10-16', '2018-12-20 04:26:33', NULL),
(881, 9, '1981-06-29', '2018-12-20 04:26:33', NULL),
(882, 9, '1970-04-07', '2018-12-20 04:26:33', NULL),
(883, 9, '2004-03-06', '2018-12-20 04:26:33', NULL),
(884, 9, '1991-09-04', '2018-12-20 04:26:33', NULL),
(885, 9, '2005-12-30', '2018-12-20 04:26:33', NULL),
(886, 9, '1979-06-16', '2018-12-20 04:26:33', NULL),
(887, 9, '2006-07-14', '2018-12-20 04:26:33', NULL),
(888, 9, '1996-08-04', '2018-12-20 04:26:33', NULL),
(889, 9, '1971-05-15', '2018-12-20 04:26:33', NULL),
(890, 9, '1992-02-15', '2018-12-20 04:26:33', NULL),
(891, 9, '1991-11-24', '2018-12-20 04:26:33', NULL),
(892, 9, '1976-03-30', '2018-12-20 04:26:33', NULL),
(893, 9, '2003-03-10', '2018-12-20 04:26:33', NULL),
(894, 9, '2008-04-29', '2018-12-20 04:26:33', NULL),
(895, 9, '1993-07-07', '2018-12-20 04:26:33', NULL),
(896, 9, '2005-06-29', '2018-12-20 04:26:33', NULL),
(897, 9, '1983-06-12', '2018-12-20 04:26:33', NULL),
(898, 9, '2014-10-21', '2018-12-20 04:26:33', NULL),
(899, 9, '1985-01-27', '2018-12-20 04:26:33', NULL),
(900, 9, '1982-08-21', '2018-12-20 04:26:33', NULL),
(901, 10, '1994-01-22', '2018-12-20 04:26:33', NULL),
(902, 10, '2010-03-24', '2018-12-20 04:26:33', NULL),
(903, 10, '1978-08-01', '2018-12-20 04:26:33', NULL),
(904, 10, '1970-04-30', '2018-12-20 04:26:33', NULL),
(905, 10, '1975-09-09', '2018-12-20 04:26:33', NULL),
(906, 10, '1982-09-18', '2018-12-20 04:26:34', NULL),
(907, 10, '1972-03-19', '2018-12-20 04:26:34', NULL),
(908, 10, '2004-08-24', '2018-12-20 04:26:34', NULL),
(909, 10, '1995-02-22', '2018-12-20 04:26:34', NULL),
(910, 10, '1996-03-21', '2018-12-20 04:26:34', NULL),
(911, 10, '1986-03-24', '2018-12-20 04:26:34', NULL),
(912, 10, '1977-02-27', '2018-12-20 04:26:34', NULL),
(913, 10, '2006-04-20', '2018-12-20 04:26:34', NULL),
(914, 10, '1992-07-17', '2018-12-20 04:26:34', NULL),
(915, 10, '2007-01-31', '2018-12-20 04:26:34', NULL),
(916, 10, '1982-01-06', '2018-12-20 04:26:34', NULL),
(917, 10, '2009-03-26', '2018-12-20 04:26:34', NULL),
(918, 10, '1977-05-22', '2018-12-20 04:26:34', NULL),
(919, 10, '2007-11-27', '2018-12-20 04:26:34', NULL),
(920, 10, '2006-07-11', '2018-12-20 04:26:34', NULL),
(921, 10, '2018-11-14', '2018-12-20 04:26:34', NULL),
(922, 10, '2001-11-20', '2018-12-20 04:26:34', NULL),
(923, 10, '2004-09-14', '2018-12-20 04:26:34', NULL),
(924, 10, '1997-03-24', '2018-12-20 04:26:34', NULL),
(925, 10, '1998-06-22', '2018-12-20 04:26:34', NULL),
(926, 10, '2002-06-20', '2018-12-20 04:26:34', NULL),
(927, 10, '2011-10-26', '2018-12-20 04:26:34', NULL),
(928, 10, '1995-06-16', '2018-12-20 04:26:34', NULL),
(929, 10, '1999-05-04', '2018-12-20 04:26:34', NULL),
(930, 10, '2017-06-29', '2018-12-20 04:26:34', NULL),
(931, 10, '2012-07-02', '2018-12-20 04:26:34', NULL),
(932, 10, '1998-01-15', '2018-12-20 04:26:35', NULL),
(933, 10, '2003-01-10', '2018-12-20 04:26:35', NULL),
(934, 10, '2016-02-14', '2018-12-20 04:26:35', NULL),
(935, 10, '2016-04-13', '2018-12-20 04:26:35', NULL),
(936, 10, '1980-03-27', '2018-12-20 04:26:35', NULL),
(937, 10, '2000-05-13', '2018-12-20 04:26:35', NULL),
(938, 10, '1986-12-16', '2018-12-20 04:26:35', NULL),
(939, 10, '1981-07-07', '2018-12-20 04:26:35', NULL),
(940, 10, '2011-10-01', '2018-12-20 04:26:35', NULL),
(941, 10, '1984-06-22', '2018-12-20 04:26:35', NULL),
(942, 10, '1995-07-08', '2018-12-20 04:26:35', NULL),
(943, 10, '2013-11-25', '2018-12-20 04:26:35', NULL),
(944, 10, '2016-05-11', '2018-12-20 04:26:35', NULL),
(945, 10, '1994-08-06', '2018-12-20 04:26:35', NULL),
(946, 10, '1990-09-03', '2018-12-20 04:26:35', NULL),
(947, 10, '1986-01-23', '2018-12-20 04:26:35', NULL),
(948, 10, '1981-02-07', '2018-12-20 04:26:35', NULL),
(949, 10, '1979-02-11', '2018-12-20 04:26:35', NULL),
(950, 10, '1993-09-10', '2018-12-20 04:26:35', NULL),
(951, 10, '2011-09-15', '2018-12-20 04:26:35', NULL),
(952, 10, '1994-04-11', '2018-12-20 04:26:35', NULL),
(953, 10, '1991-11-30', '2018-12-20 04:26:35', NULL),
(954, 10, '1992-06-28', '2018-12-20 04:26:35', NULL),
(955, 10, '1977-03-27', '2018-12-20 04:26:35', NULL),
(956, 10, '1978-10-28', '2018-12-20 04:26:35', NULL),
(957, 10, '1970-08-07', '2018-12-20 04:26:35', NULL),
(958, 10, '1987-05-08', '2018-12-20 04:26:36', NULL),
(959, 10, '1986-08-06', '2018-12-20 04:26:36', NULL),
(960, 10, '2001-09-07', '2018-12-20 04:26:36', NULL),
(961, 10, '2010-05-16', '2018-12-20 04:26:36', NULL),
(962, 10, '2015-06-27', '2018-12-20 04:26:36', NULL),
(963, 10, '2006-06-08', '2018-12-20 04:26:36', NULL),
(964, 10, '1985-11-18', '2018-12-20 04:26:36', NULL),
(965, 10, '1981-04-03', '2018-12-20 04:26:36', NULL),
(966, 10, '1988-01-17', '2018-12-20 04:26:36', NULL),
(967, 10, '1974-11-17', '2018-12-20 04:26:36', NULL),
(968, 10, '1977-03-14', '2018-12-20 04:26:36', NULL),
(969, 10, '1991-02-03', '2018-12-20 04:26:36', NULL),
(970, 10, '1985-11-29', '2018-12-20 04:26:36', NULL),
(971, 10, '2011-08-19', '2018-12-20 04:26:36', NULL),
(972, 10, '1986-05-17', '2018-12-20 04:26:36', NULL),
(973, 10, '1989-04-28', '2018-12-20 04:26:36', NULL),
(974, 10, '1973-01-04', '2018-12-20 04:26:36', NULL),
(975, 10, '2003-08-14', '2018-12-20 04:26:36', NULL),
(976, 10, '2002-03-10', '2018-12-20 04:26:36', NULL),
(977, 10, '1991-05-02', '2018-12-20 04:26:36', NULL),
(978, 10, '2000-07-26', '2018-12-20 04:26:36', NULL),
(979, 10, '1980-03-18', '2018-12-20 04:26:36', NULL);
INSERT INTO `aworkday` (`id`, `id_user`, `workday`, `created_at`, `updated_at`) VALUES
(980, 10, '1979-10-16', '2018-12-20 04:26:36', NULL),
(981, 10, '1982-01-01', '2018-12-20 04:26:37', NULL),
(982, 10, '1972-12-18', '2018-12-20 04:26:37', NULL),
(983, 10, '1972-12-09', '2018-12-20 04:26:37', NULL),
(984, 10, '1988-02-22', '2018-12-20 04:26:37', NULL),
(985, 10, '1978-08-21', '2018-12-20 04:26:37', NULL),
(986, 10, '1978-08-12', '2018-12-20 04:26:37', NULL),
(987, 10, '1978-08-13', '2018-12-20 04:26:37', NULL),
(988, 10, '1996-10-19', '2018-12-20 04:26:37', NULL),
(989, 10, '1981-06-16', '2018-12-20 04:26:37', NULL),
(990, 10, '1975-04-08', '2018-12-20 04:26:37', NULL),
(991, 10, '1980-08-03', '2018-12-20 04:26:37', NULL),
(992, 10, '1994-03-17', '2018-12-20 04:26:37', NULL),
(993, 10, '1984-02-19', '2018-12-20 04:26:37', NULL),
(994, 10, '2003-12-11', '2018-12-20 04:26:37', NULL),
(995, 10, '1973-06-22', '2018-12-20 04:26:37', NULL),
(996, 10, '1979-07-09', '2018-12-20 04:26:37', NULL),
(997, 10, '2004-11-04', '2018-12-20 04:26:37', NULL),
(998, 10, '2003-08-13', '2018-12-20 04:26:37', NULL),
(999, 10, '1989-10-24', '2018-12-20 04:26:37', NULL),
(1000, 10, '1982-06-13', '2018-12-20 04:26:37', NULL);

-- --------------------------------------------------------

--
-- Table structure for table `district`
--

CREATE TABLE `district` (
  `id` int(10) UNSIGNED NOT NULL,
  `name` varchar(255) COLLATE utf8mb4_unicode_ci NOT NULL,
  `created_at` timestamp NULL DEFAULT NULL,
  `updated_at` timestamp NULL DEFAULT NULL
) ENGINE=InnoDB DEFAULT CHARSET=utf8mb4 COLLATE=utf8mb4_unicode_ci;

-- --------------------------------------------------------

--
-- Table structure for table `levels`
--

CREATE TABLE `levels` (
  `id` int(10) UNSIGNED NOT NULL,
  `name` varchar(255) COLLATE utf8mb4_unicode_ci NOT NULL,
  `pay` double(11,2) NOT NULL,
  `created_at` timestamp NULL DEFAULT NULL,
  `updated_at` timestamp NULL DEFAULT NULL
) ENGINE=InnoDB DEFAULT CHARSET=utf8mb4 COLLATE=utf8mb4_unicode_ci;

--
-- Dumping data for table `levels`
--

INSERT INTO `levels` (`id`, `name`, `pay`, `created_at`, `updated_at`) VALUES
(1, 'level 1', 15000.00, NULL, NULL),
(2, 'level 2', 20000.00, NULL, NULL),
(3, 'level 3', 25000.00, NULL, NULL);

-- --------------------------------------------------------

--
-- Table structure for table `migrations`
--

CREATE TABLE `migrations` (
  `id` int(10) UNSIGNED NOT NULL,
  `migration` varchar(255) COLLATE utf8mb4_unicode_ci NOT NULL,
  `batch` int(11) NOT NULL
) ENGINE=InnoDB DEFAULT CHARSET=utf8mb4 COLLATE=utf8mb4_unicode_ci;

--
-- Dumping data for table `migrations`
--

INSERT INTO `migrations` (`id`, `migration`, `batch`) VALUES
(8, '2018_10_15_035301_create_account_table', 1),
(9, '2018_10_15_035428_create_wards_table', 1),
(10, '2018_10_15_035449_create_district_table', 1),
(11, '2018_10_19_162249_workday_table_seeder', 1),
(12, '2018_10_21_093714_create_users_table', 1),
(13, '2018_11_05_154143_create_aworkday_table', 1),
(14, '2018_12_15_125426_create_levels_table', 1);

-- --------------------------------------------------------

--
-- Table structure for table `users`
--

CREATE TABLE `users` (
  `id` int(10) UNSIGNED NOT NULL,
  `email` varchar(255) COLLATE utf8mb4_unicode_ci NOT NULL,
  `name` varchar(255) COLLATE utf8mb4_unicode_ci NOT NULL,
  `password` varchar(255) COLLATE utf8mb4_unicode_ci NOT NULL,
  `sex` tinyint(1) NOT NULL,
  `address` varchar(255) COLLATE utf8mb4_unicode_ci NOT NULL,
  `birthday` date NOT NULL,
  `author` int(11) NOT NULL,
  `Level_id` int(11) NOT NULL,
  `start_time` varchar(255) COLLATE utf8mb4_unicode_ci NOT NULL,
  `stop_time` varchar(255) COLLATE utf8mb4_unicode_ci NOT NULL,
  `check_time` varchar(255) COLLATE utf8mb4_unicode_ci NOT NULL,
  `status` int(11) NOT NULL,
  `DayInMonth` int(11) NOT NULL,
  `check` int(11) NOT NULL,
  `remember_token` varchar(100) COLLATE utf8mb4_unicode_ci DEFAULT NULL,
  `created_at` timestamp NULL DEFAULT NULL,
  `updated_at` timestamp NULL DEFAULT NULL
) ENGINE=InnoDB DEFAULT CHARSET=utf8mb4 COLLATE=utf8mb4_unicode_ci;

--
-- Dumping data for table `users`
--

INSERT INTO `users` (`id`, `email`, `name`, `password`, `sex`, `address`, `birthday`, `author`, `Level_id`, `start_time`, `stop_time`, `check_time`, `status`, `DayInMonth`, `check`, `remember_token`, `created_at`, `updated_at`) VALUES
(1, 'admin@gmail.com', 'admin', '123456', 1, 'ha nam', '1999-12-22', 0, 1, '2018-10-25', '2018-10-25', '0', 1, 30, 1, NULL, '2018-02-22 17:00:00', NULL),
(2, 'alysa.boehm@yahoo.com', 'Mr. Zackery Lindgren I', '$2y$10$iQBou9Kdht9vAU6vcTNbg.hPA8lmWvlpJp2uAHLyJ2IxktDGq3KmO', 1, '640 Reynolds Burg\nNew Raegan, OK 35739', '1976-06-28', 1, 2, '1994-11-10', '2010-10-07', '1975-12-06', 0, 30, 1, NULL, '2018-02-22 17:00:00', NULL),
(3, 'joannie63@yahoo.com', 'Bill Hills', '$2y$10$vZWmISqqKT55yVVk8Le9dugdR7u6tlbFBBcEWcKx3j1te8egFI0LO', 0, '103 Hills Canyon\nNew Kaleyville, ID 18607-8132', '2008-10-20', 1, 1, '1997-12-15', '1999-02-22', '2018-05-24', 0, 30, 1, NULL, '2018-02-22 17:00:00', NULL),
(4, 'hkautzer@maggio.info', 'Dora Zboncak I', '$2y$10$rQhquY3PbY2Q9kZbzva8d.fxeiKzhxHBhQb8iHPSbhuDQZNsA0bLm', 0, '174 Thomas Trail\nCasperfurt, AR 90274-1899', '1980-06-13', 1, 3, '1980-03-13', '1989-10-01', '1983-05-18', 0, 30, 1, NULL, '2018-02-22 17:00:00', NULL),
(5, 'abe31@abshire.org', 'Rachael Hayes', '$2y$10$/ilw7mao4/bw86mX00PhK.LFCHskn0D8eyH6Ssvc1yhk7DHBEAIGe', 1, '8197 Swift Summit\nAlbinville, FL 68224', '2008-09-17', 1, 2, '1991-05-29', '1999-05-19', '1981-11-12', 0, 30, 1, NULL, '2018-02-22 17:00:00', NULL),
(6, 'xhaley@bergnaum.com', 'Marcia Sipes III', '$2y$10$PuJb512Yn/kA91WzBn7yF.p.88zVzYHImDsAtvtRUoORMra1eMdjy', 1, '37574 Joshua Cape Suite 941\nAlethaberg, CT 54159-2588', '2011-05-07', 1, 1, '1978-08-27', '1981-04-06', '1972-04-14', 0, 30, 1, NULL, '2018-02-22 17:00:00', NULL),
(7, 'christina.watsica@yahoo.com', 'Mr. Hilario Hodkiewicz III', '$2y$10$QwD15yv3bqYrikS2TK6EUuss2hWrcI4xvRZOUJIEjqglko.yz7QYe', 1, '819 Noah Path Suite 423\nKayleetown, MN 38351-4329', '1971-06-18', 1, 1, '1973-04-28', '2003-06-15', '1993-08-17', 0, 30, 1, NULL, '2018-02-22 17:00:00', NULL),
(8, 'electa83@hahn.com', 'Ibrahim McLaughlin', '$2y$10$P9ch2Sz0PVb76QQNQNFOPek6aiWKRSRxbOKzv9atmgIg9U.Fmn8ua', 1, '73353 Dawson Extensions\nLucioside, ND 01139-1696', '1972-03-03', 1, 1, '2017-07-12', '1977-04-09', '1987-05-02', 0, 30, 1, NULL, '2018-02-22 17:00:00', NULL),
(9, 'hkuhic@yahoo.com', 'Prof. Shakira Goldner', '$2y$10$74yxQs7w2apa6y8/CEDURedWTevDIoXJpaJDTjGOLCjVLJK/LjraK', 1, '26778 Libbie Track Apt. 562\nNorth Ricardoton, DE 03402-9054', '2000-10-08', 1, 2, '2015-06-19', '2007-09-16', '1997-12-20', 0, 30, 1, NULL, '2018-02-22 17:00:00', NULL),
(10, 'grosenbaum@carroll.org', 'Anjali White', '$2y$10$uhaej/Hxej.ifllS4JnBBOR7aiuDg5FedN9mDZQ0ejw24qWfrxOI2', 0, '5202 Johnston Passage Suite 377\nFrancisville, GA 53114', '1983-09-29', 1, 3, '1975-01-24', '1999-01-09', '2002-10-09', 0, 30, 1, NULL, '2018-02-22 17:00:00', NULL),
(11, 'batz.betty@lowe.info', 'Carmine Little', '$2y$10$ff5xc5wbI1P6MYHFssWZUu0wQoU/0XA3/tspjbu7x6266Z6WPzRjS', 1, '566 Kreiger Mills Apt. 992\nRennerside, OR 20501-6364', '1998-07-04', 1, 3, '1975-10-13', '1984-12-22', '1980-03-11', 0, 30, 1, NULL, '2018-02-22 17:00:00', NULL);

-- --------------------------------------------------------

--
-- Table structure for table `wards`
--

CREATE TABLE `wards` (
  `id` int(10) UNSIGNED NOT NULL,
  `name` varchar(255) COLLATE utf8mb4_unicode_ci NOT NULL,
  `district_id` int(11) NOT NULL,
  `created_at` timestamp NULL DEFAULT NULL,
  `updated_at` timestamp NULL DEFAULT NULL
) ENGINE=InnoDB DEFAULT CHARSET=utf8mb4 COLLATE=utf8mb4_unicode_ci;

-- --------------------------------------------------------

--
-- Table structure for table `workday`
--

CREATE TABLE `workday` (
  `id` int(10) UNSIGNED NOT NULL,
  `user_id` varchar(255) COLLATE utf8mb4_unicode_ci NOT NULL,
  `workday` int(11) NOT NULL,
  `monthday` int(11) NOT NULL,
  `hours` int(11) NOT NULL,
  `created_at` timestamp NULL DEFAULT NULL,
  `updated_at` timestamp NULL DEFAULT NULL
) ENGINE=InnoDB DEFAULT CHARSET=utf8mb4 COLLATE=utf8mb4_unicode_ci;

--
-- Dumping data for table `workday`
--

INSERT INTO `workday` (`id`, `user_id`, `workday`, `monthday`, `hours`, `created_at`, `updated_at`) VALUES
(1, '1', 17, 1, 170, '2018-02-22 17:00:00', NULL),
(2, '1', 20, 2, 170, '2018-02-22 17:00:00', NULL),
(3, '1', 17, 3, 170, '2018-02-22 17:00:00', NULL),
(4, '1', 21, 4, 174, '2018-02-22 17:00:00', NULL),
(5, '1', 17, 5, 172, '2018-02-22 17:00:00', NULL),
(6, '1', 21, 6, 173, '2018-02-22 17:00:00', NULL),
(7, '1', 18, 7, 173, '2018-02-22 17:00:00', NULL),
(8, '1', 21, 8, 174, '2018-02-22 17:00:00', NULL),
(9, '1', 18, 9, 171, '2018-02-22 17:00:00', NULL),
(10, '2', 20, 1, 173, '2018-02-22 17:00:00', NULL),
(11, '2', 17, 2, 172, '2018-02-22 17:00:00', NULL),
(12, '2', 19, 3, 171, '2018-02-22 17:00:00', NULL),
(13, '2', 20, 4, 175, '2018-02-22 17:00:00', NULL),
(14, '2', 17, 5, 172, '2018-02-22 17:00:00', NULL),
(15, '2', 22, 6, 174, '2018-02-22 17:00:00', NULL),
(16, '2', 18, 7, 173, '2018-02-22 17:00:00', NULL),
(17, '2', 19, 8, 173, '2018-02-22 17:00:00', NULL),
(18, '2', 22, 9, 171, '2018-02-22 17:00:00', NULL),
(19, '3', 18, 1, 170, '2018-02-22 17:00:00', NULL),
(20, '3', 19, 2, 176, '2018-02-22 17:00:00', NULL),
(21, '3', 17, 3, 170, '2018-02-22 17:00:00', NULL),
(22, '3', 17, 4, 173, '2018-02-22 17:00:00', NULL),
(23, '3', 21, 5, 176, '2018-02-22 17:00:00', NULL),
(24, '3', 21, 6, 172, '2018-02-22 17:00:00', NULL),
(25, '3', 21, 7, 173, '2018-02-22 17:00:00', NULL),
(26, '3', 21, 8, 171, '2018-02-22 17:00:00', NULL),
(27, '3', 21, 9, 171, '2018-02-22 17:00:00', NULL),
(28, '4', 19, 1, 170, '2018-02-22 17:00:00', NULL),
(29, '4', 22, 2, 171, '2018-02-22 17:00:00', NULL),
(30, '4', 21, 3, 175, '2018-02-22 17:00:00', NULL),
(31, '4', 22, 4, 174, '2018-02-22 17:00:00', NULL),
(32, '4', 17, 5, 175, '2018-02-22 17:00:00', NULL),
(33, '4', 18, 6, 175, '2018-02-22 17:00:00', NULL),
(34, '4', 20, 7, 170, '2018-02-22 17:00:00', NULL),
(35, '4', 18, 8, 175, '2018-02-22 17:00:00', NULL),
(36, '4', 22, 9, 174, '2018-02-22 17:00:00', NULL),
(37, '5', 17, 1, 176, '2018-02-22 17:00:00', NULL),
(38, '5', 22, 2, 175, '2018-02-22 17:00:00', NULL),
(39, '5', 20, 3, 171, '2018-02-22 17:00:00', NULL),
(40, '5', 20, 4, 176, '2018-02-22 17:00:00', NULL),
(41, '5', 20, 5, 175, '2018-02-22 17:00:00', NULL),
(42, '5', 20, 6, 173, '2018-02-22 17:00:00', NULL),
(43, '5', 17, 7, 171, '2018-02-22 17:00:00', NULL),
(44, '5', 21, 8, 172, '2018-02-22 17:00:00', NULL),
(45, '5', 18, 9, 175, '2018-02-22 17:00:00', NULL),
(46, '6', 21, 1, 170, '2018-02-22 17:00:00', NULL),
(47, '6', 22, 2, 171, '2018-02-22 17:00:00', NULL),
(48, '6', 19, 3, 172, '2018-02-22 17:00:00', NULL),
(49, '6', 17, 4, 170, '2018-02-22 17:00:00', NULL),
(50, '6', 20, 5, 173, '2018-02-22 17:00:00', NULL),
(51, '6', 19, 6, 170, '2018-02-22 17:00:00', NULL),
(52, '6', 17, 7, 175, '2018-02-22 17:00:00', NULL),
(53, '6', 21, 8, 175, '2018-02-22 17:00:00', NULL),
(54, '6', 17, 9, 175, '2018-02-22 17:00:00', NULL),
(55, '7', 17, 1, 175, '2018-02-22 17:00:00', NULL),
(56, '7', 19, 2, 176, '2018-02-22 17:00:00', NULL),
(57, '7', 20, 3, 171, '2018-02-22 17:00:00', NULL),
(58, '7', 19, 4, 172, '2018-02-22 17:00:00', NULL),
(59, '7', 22, 5, 174, '2018-02-22 17:00:00', NULL),
(60, '7', 21, 6, 176, '2018-02-22 17:00:00', NULL),
(61, '7', 19, 7, 174, '2018-02-22 17:00:00', NULL),
(62, '7', 22, 8, 171, '2018-02-22 17:00:00', NULL),
(63, '7', 21, 9, 172, '2018-02-22 17:00:00', NULL),
(64, '8', 21, 1, 171, '2018-02-22 17:00:00', NULL),
(65, '8', 21, 2, 176, '2018-02-22 17:00:00', NULL),
(66, '8', 21, 3, 174, '2018-02-22 17:00:00', NULL),
(67, '8', 20, 4, 173, '2018-02-22 17:00:00', NULL),
(68, '8', 17, 5, 174, '2018-02-22 17:00:00', NULL),
(69, '8', 22, 6, 172, '2018-02-22 17:00:00', NULL),
(70, '8', 21, 7, 172, '2018-02-22 17:00:00', NULL),
(71, '8', 19, 8, 175, '2018-02-22 17:00:00', NULL),
(72, '8', 17, 9, 175, '2018-02-22 17:00:00', NULL),
(73, '9', 17, 1, 175, '2018-02-22 17:00:00', NULL),
(74, '9', 21, 2, 176, '2018-02-22 17:00:00', NULL),
(75, '9', 21, 3, 171, '2018-02-22 17:00:00', NULL),
(76, '9', 17, 4, 174, '2018-02-22 17:00:00', NULL),
(77, '9', 21, 5, 174, '2018-02-22 17:00:00', NULL),
(78, '9', 20, 6, 172, '2018-02-22 17:00:00', NULL),
(79, '9', 19, 7, 175, '2018-02-22 17:00:00', NULL),
(80, '9', 22, 8, 171, '2018-02-22 17:00:00', NULL),
(81, '9', 18, 9, 170, '2018-02-22 17:00:00', NULL),
(82, '10', 22, 1, 172, '2018-02-22 17:00:00', NULL),
(83, '10', 17, 2, 175, '2018-02-22 17:00:00', NULL),
(84, '10', 20, 3, 174, '2018-02-22 17:00:00', NULL),
(85, '10', 17, 4, 176, '2018-02-22 17:00:00', NULL),
(86, '10', 21, 5, 175, '2018-02-22 17:00:00', NULL),
(87, '10', 21, 6, 175, '2018-02-22 17:00:00', NULL),
(88, '10', 21, 7, 170, '2018-02-22 17:00:00', NULL),
(89, '10', 19, 8, 174, '2018-02-22 17:00:00', NULL),
(90, '10', 17, 9, 171, '2018-02-22 17:00:00', NULL),
(91, '11', 17, 1, 175, '2018-02-22 17:00:00', NULL),
(92, '11', 21, 2, 172, '2018-02-22 17:00:00', NULL),
(93, '11', 19, 3, 170, '2018-02-22 17:00:00', NULL),
(94, '11', 18, 4, 176, '2018-02-22 17:00:00', NULL),
(95, '11', 17, 5, 170, '2018-02-22 17:00:00', NULL),
(96, '11', 18, 6, 175, '2018-02-22 17:00:00', NULL),
(97, '11', 20, 7, 174, '2018-02-22 17:00:00', NULL),
(98, '11', 19, 8, 171, '2018-02-22 17:00:00', NULL),
(99, '11', 18, 9, 171, '2018-02-22 17:00:00', NULL);

--
-- Indexes for dumped tables
--

--
-- Indexes for table `account`
--
ALTER TABLE `account`
  ADD PRIMARY KEY (`id`);

--
-- Indexes for table `aworkday`
--
ALTER TABLE `aworkday`
  ADD PRIMARY KEY (`id`);

--
-- Indexes for table `district`
--
ALTER TABLE `district`
  ADD PRIMARY KEY (`id`);

--
-- Indexes for table `levels`
--
ALTER TABLE `levels`
  ADD PRIMARY KEY (`id`);

--
-- Indexes for table `migrations`
--
ALTER TABLE `migrations`
  ADD PRIMARY KEY (`id`);

--
-- Indexes for table `users`
--
ALTER TABLE `users`
  ADD PRIMARY KEY (`id`);

--
-- Indexes for table `wards`
--
ALTER TABLE `wards`
  ADD PRIMARY KEY (`id`);

--
-- Indexes for table `workday`
--
ALTER TABLE `workday`
  ADD PRIMARY KEY (`id`);

--
-- AUTO_INCREMENT for dumped tables
--

--
-- AUTO_INCREMENT for table `account`
--
ALTER TABLE `account`
  MODIFY `id` int(10) UNSIGNED NOT NULL AUTO_INCREMENT;
--
-- AUTO_INCREMENT for table `aworkday`
--
ALTER TABLE `aworkday`
  MODIFY `id` int(10) UNSIGNED NOT NULL AUTO_INCREMENT, AUTO_INCREMENT=1001;
--
-- AUTO_INCREMENT for table `district`
--
ALTER TABLE `district`
  MODIFY `id` int(10) UNSIGNED NOT NULL AUTO_INCREMENT;
--
-- AUTO_INCREMENT for table `levels`
--
ALTER TABLE `levels`
  MODIFY `id` int(10) UNSIGNED NOT NULL AUTO_INCREMENT, AUTO_INCREMENT=4;
--
-- AUTO_INCREMENT for table `migrations`
--
ALTER TABLE `migrations`
  MODIFY `id` int(10) UNSIGNED NOT NULL AUTO_INCREMENT, AUTO_INCREMENT=15;
--
-- AUTO_INCREMENT for table `users`
--
ALTER TABLE `users`
  MODIFY `id` int(10) UNSIGNED NOT NULL AUTO_INCREMENT, AUTO_INCREMENT=12;
--
-- AUTO_INCREMENT for table `wards`
--
ALTER TABLE `wards`
  MODIFY `id` int(10) UNSIGNED NOT NULL AUTO_INCREMENT;
--
-- AUTO_INCREMENT for table `workday`
--
ALTER TABLE `workday`
  MODIFY `id` int(10) UNSIGNED NOT NULL AUTO_INCREMENT, AUTO_INCREMENT=100;
/*!40101 SET CHARACTER_SET_CLIENT=@OLD_CHARACTER_SET_CLIENT */;
/*!40101 SET CHARACTER_SET_RESULTS=@OLD_CHARACTER_SET_RESULTS */;
/*!40101 SET COLLATION_CONNECTION=@OLD_COLLATION_CONNECTION */;
