/*
Navicat MySQL Data Transfer

Source Server         : localhost_3306
Source Server Version : 50505
Source Host           : localhost:3306
Source Database       : account

Target Server Type    : MYSQL
Target Server Version : 50505
File Encoding         : 65001

Date: 2018-12-13 17:19:00
*/

SET FOREIGN_KEY_CHECKS=0;

-- ----------------------------
-- Table structure for account
-- ----------------------------
DROP TABLE IF EXISTS `account`;
CREATE TABLE `account` (
  `id` int(10) unsigned NOT NULL AUTO_INCREMENT,
  `name` varchar(255) COLLATE utf8mb4_unicode_ci NOT NULL,
  `password` varchar(225) COLLATE utf8mb4_unicode_ci NOT NULL,
  `birthday` varchar(255) COLLATE utf8mb4_unicode_ci NOT NULL,
  `addr` varchar(255) COLLATE utf8mb4_unicode_ci NOT NULL,
  `wards_id` int(11) NOT NULL,
  `district_id` int(11) NOT NULL,
  `author` int(11) NOT NULL,
  `created_at` timestamp NULL DEFAULT NULL,
  `updated_at` timestamp NULL DEFAULT NULL,
  PRIMARY KEY (`id`)
) ENGINE=InnoDB AUTO_INCREMENT=11 DEFAULT CHARSET=utf8mb4 COLLATE=utf8mb4_unicode_ci;

-- ----------------------------
-- Records of account
-- ----------------------------
INSERT INTO `account` VALUES ('1', 'thanh', '$2y$10$1ay5UcMdKfTRwxWTTwjuke0mCT8iAqJgaW14MUVWuMDHhAnCoNIYO', '22-12-1999', 'ha nam', '8', '2', '0', '2018-11-08 23:55:59', null);
INSERT INTO `account` VALUES ('2', 'Jerry Hermiston', '$2y$10$fB5FsHdjFzLy757rU7CyyuObdLuNB9bGalZFfqYnJMt0oM6UC2qTm', '1972-10-06', '315 Schmeler Union Suite 270\nWest Laurieview, NE 10988', '6', '3', '1', '2018-11-08 23:56:00', null);
INSERT INTO `account` VALUES ('3', 'Alyce Stanton', '$2y$10$PDgRA1wqRWvCgXwzeDT2D.xiDRvqsWaGXk/LNuzhN9bAXca3Vx8MO', '1997-12-20', '25309 Beaulah Harbors Apt. 885\nLake Marcosview, ME 49229-4039', '4', '1', '1', '2018-11-08 23:56:00', null);
INSERT INTO `account` VALUES ('4', 'Hallie Abbott', '$2y$10$bmRD0gkeX7JmTnAPR3RD7./G53mZR2UG67OkX05ky5R5.h27b48Qi', '1994-01-31', '3921 Lindgren Run\nNorth Kailyntown, KY 65436-5656', '1', '3', '1', '2018-11-08 23:56:00', null);
INSERT INTO `account` VALUES ('5', 'thanh', '$2y$10$9hRFpGLclA7STJo2EYNbouYzopN0EggJQrr5QDDpZy39jW3cvsf4e', '22-12-1999', 'ha nam', '8', '3', '0', '2018-11-09 13:55:32', null);
INSERT INTO `account` VALUES ('6', 'Casandra Moen Jr.', '$2y$10$cFxdVs5wAZhc3tDl9.nVlO5GQ0tluE6c55Gaxc59E4RCs7Vcb3GoS', '2005-02-25', '10766 Glover Plaza\nBaileyhaven, NC 22226', '2', '1', '1', '2018-11-09 13:55:34', null);
INSERT INTO `account` VALUES ('7', 'Flavie Rohan', '$2y$10$fv.z7ApgT2XTYETZ.bapwOUh5/dn7RcYehcqJNNnrKwHXHe6JQE9y', '1987-07-05', '523 Jensen Manor\nNew Nigel, MD 58349-8639', '6', '2', '1', '2018-11-09 13:55:34', null);
INSERT INTO `account` VALUES ('8', 'Dr. Cornelius Feeney', '$2y$10$UTc0Wdd09PxMSkNaSA9Ae.H82LPoTo6Bc4CymY8YEVwhfalf9fjSe', '1973-01-19', '3628 Lee Walks Apt. 312\nWest Ollieton, AR 00339-4632', '9', '3', '1', '2018-11-09 13:55:34', null);
INSERT INTO `account` VALUES ('9', 'Prof. Emerald Howell', '$2y$10$qvThME3Be4mL22auRziIUuB7.Rj4OLtD0JK/bPMSmr3bxicUoKU2C', '1988-01-05', '364 Schaefer Plaza\nSouth Tianna, NV 06528-9950', '4', '2', '1', '2018-11-09 13:55:34', null);
INSERT INTO `account` VALUES ('10', 'Louvenia Zieme', '$2y$10$NqeCjmOfUEYWQsLHkm82J.9OSS2/bxPdE.5bgW0vNkIaXiP25A5dC', '1989-05-04', '52109 Leola Trace\nAdrielhaven, AK 99592', '10', '2', '1', '2018-11-09 13:55:34', null);

-- ----------------------------
-- Table structure for aworkday
-- ----------------------------
DROP TABLE IF EXISTS `aworkday`;
CREATE TABLE `aworkday` (
  `id` int(10) unsigned NOT NULL AUTO_INCREMENT,
  `id_user` int(11) NOT NULL,
  `workday` date NOT NULL,
  `created_at` timestamp NULL DEFAULT NULL,
  `updated_at` timestamp NULL DEFAULT NULL,
  PRIMARY KEY (`id`)
) ENGINE=InnoDB AUTO_INCREMENT=1001 DEFAULT CHARSET=utf8mb4 COLLATE=utf8mb4_unicode_ci;

-- ----------------------------
-- Records of aworkday
-- ----------------------------
INSERT INTO `aworkday` VALUES ('1', '1', '2017-11-28', '2018-11-09 13:55:47', null);
INSERT INTO `aworkday` VALUES ('2', '1', '1994-01-18', '2018-11-09 13:55:47', null);
INSERT INTO `aworkday` VALUES ('3', '1', '2015-12-19', '2018-11-09 13:55:47', null);
INSERT INTO `aworkday` VALUES ('4', '1', '2011-05-01', '2018-11-09 13:55:47', null);
INSERT INTO `aworkday` VALUES ('5', '1', '2003-01-24', '2018-11-09 13:55:47', null);
INSERT INTO `aworkday` VALUES ('6', '1', '1989-11-21', '2018-11-09 13:55:47', null);
INSERT INTO `aworkday` VALUES ('7', '1', '1982-05-13', '2018-11-09 13:55:47', null);
INSERT INTO `aworkday` VALUES ('8', '1', '2011-01-04', '2018-11-09 13:55:47', null);
INSERT INTO `aworkday` VALUES ('9', '1', '1994-03-02', '2018-11-09 13:55:47', null);
INSERT INTO `aworkday` VALUES ('10', '1', '1989-03-19', '2018-11-09 13:55:47', null);
INSERT INTO `aworkday` VALUES ('11', '1', '2012-01-17', '2018-11-09 13:55:47', null);
INSERT INTO `aworkday` VALUES ('12', '1', '2003-07-11', '2018-11-09 13:55:47', null);
INSERT INTO `aworkday` VALUES ('13', '1', '1988-07-30', '2018-11-09 13:55:47', null);
INSERT INTO `aworkday` VALUES ('14', '1', '1995-05-29', '2018-11-09 13:55:47', null);
INSERT INTO `aworkday` VALUES ('15', '1', '1978-07-08', '2018-11-09 13:55:48', null);
INSERT INTO `aworkday` VALUES ('16', '1', '2012-07-30', '2018-11-09 13:55:48', null);
INSERT INTO `aworkday` VALUES ('17', '1', '1997-02-25', '2018-11-09 13:55:48', null);
INSERT INTO `aworkday` VALUES ('18', '1', '1970-06-15', '2018-11-09 13:55:48', null);
INSERT INTO `aworkday` VALUES ('19', '1', '1991-10-08', '2018-11-09 13:55:48', null);
INSERT INTO `aworkday` VALUES ('20', '1', '2004-12-21', '2018-11-09 13:55:48', null);
INSERT INTO `aworkday` VALUES ('21', '1', '2006-09-13', '2018-11-09 13:55:48', null);
INSERT INTO `aworkday` VALUES ('22', '1', '1975-06-28', '2018-11-09 13:55:48', null);
INSERT INTO `aworkday` VALUES ('23', '1', '1983-07-01', '2018-11-09 13:55:48', null);
INSERT INTO `aworkday` VALUES ('24', '1', '2001-01-18', '2018-11-09 13:55:48', null);
INSERT INTO `aworkday` VALUES ('25', '1', '1979-12-16', '2018-11-09 13:55:48', null);
INSERT INTO `aworkday` VALUES ('26', '1', '1984-06-10', '2018-11-09 13:55:48', null);
INSERT INTO `aworkday` VALUES ('27', '1', '2010-09-30', '2018-11-09 13:55:48', null);
INSERT INTO `aworkday` VALUES ('28', '1', '1972-04-15', '2018-11-09 13:55:48', null);
INSERT INTO `aworkday` VALUES ('29', '1', '2009-12-19', '2018-11-09 13:55:48', null);
INSERT INTO `aworkday` VALUES ('30', '1', '2003-08-20', '2018-11-09 13:55:48', null);
INSERT INTO `aworkday` VALUES ('31', '1', '1984-01-22', '2018-11-09 13:55:48', null);
INSERT INTO `aworkday` VALUES ('32', '1', '2011-08-17', '2018-11-09 13:55:48', null);
INSERT INTO `aworkday` VALUES ('33', '1', '1972-10-10', '2018-11-09 13:55:48', null);
INSERT INTO `aworkday` VALUES ('34', '1', '2016-09-18', '2018-11-09 13:55:48', null);
INSERT INTO `aworkday` VALUES ('35', '1', '2012-04-13', '2018-11-09 13:55:48', null);
INSERT INTO `aworkday` VALUES ('36', '1', '2007-01-14', '2018-11-09 13:55:48', null);
INSERT INTO `aworkday` VALUES ('37', '1', '1998-09-16', '2018-11-09 13:55:48', null);
INSERT INTO `aworkday` VALUES ('38', '1', '1989-07-16', '2018-11-09 13:55:48', null);
INSERT INTO `aworkday` VALUES ('39', '1', '1975-10-26', '2018-11-09 13:55:48', null);
INSERT INTO `aworkday` VALUES ('40', '1', '2015-06-02', '2018-11-09 13:55:48', null);
INSERT INTO `aworkday` VALUES ('41', '1', '2017-01-11', '2018-11-09 13:55:48', null);
INSERT INTO `aworkday` VALUES ('42', '1', '1994-09-19', '2018-11-09 13:55:48', null);
INSERT INTO `aworkday` VALUES ('43', '1', '2001-09-14', '2018-11-09 13:55:48', null);
INSERT INTO `aworkday` VALUES ('44', '1', '1998-09-06', '2018-11-09 13:55:48', null);
INSERT INTO `aworkday` VALUES ('45', '1', '1980-02-26', '2018-11-09 13:55:48', null);
INSERT INTO `aworkday` VALUES ('46', '1', '1993-03-24', '2018-11-09 13:55:48', null);
INSERT INTO `aworkday` VALUES ('47', '1', '2006-01-10', '2018-11-09 13:55:48', null);
INSERT INTO `aworkday` VALUES ('48', '1', '2012-04-26', '2018-11-09 13:55:48', null);
INSERT INTO `aworkday` VALUES ('49', '1', '1993-09-01', '2018-11-09 13:55:49', null);
INSERT INTO `aworkday` VALUES ('50', '1', '1977-11-24', '2018-11-09 13:55:49', null);
INSERT INTO `aworkday` VALUES ('51', '1', '2009-04-22', '2018-11-09 13:55:49', null);
INSERT INTO `aworkday` VALUES ('52', '1', '1994-10-24', '2018-11-09 13:55:49', null);
INSERT INTO `aworkday` VALUES ('53', '1', '1985-04-13', '2018-11-09 13:55:49', null);
INSERT INTO `aworkday` VALUES ('54', '1', '2018-02-12', '2018-11-09 13:55:49', null);
INSERT INTO `aworkday` VALUES ('55', '1', '1978-07-03', '2018-11-09 13:55:49', null);
INSERT INTO `aworkday` VALUES ('56', '1', '1991-02-25', '2018-11-09 13:55:49', null);
INSERT INTO `aworkday` VALUES ('57', '1', '1973-12-11', '2018-11-09 13:55:49', null);
INSERT INTO `aworkday` VALUES ('58', '1', '2001-03-05', '2018-11-09 13:55:49', null);
INSERT INTO `aworkday` VALUES ('59', '1', '2018-06-08', '2018-11-09 13:55:49', null);
INSERT INTO `aworkday` VALUES ('60', '1', '1989-11-06', '2018-11-09 13:55:49', null);
INSERT INTO `aworkday` VALUES ('61', '1', '1975-09-22', '2018-11-09 13:55:49', null);
INSERT INTO `aworkday` VALUES ('62', '1', '1978-02-06', '2018-11-09 13:55:49', null);
INSERT INTO `aworkday` VALUES ('63', '1', '1981-08-16', '2018-11-09 13:55:49', null);
INSERT INTO `aworkday` VALUES ('64', '1', '2011-04-07', '2018-11-09 13:55:49', null);
INSERT INTO `aworkday` VALUES ('65', '1', '2014-03-10', '2018-11-09 13:55:49', null);
INSERT INTO `aworkday` VALUES ('66', '1', '1973-05-31', '2018-11-09 13:55:49', null);
INSERT INTO `aworkday` VALUES ('67', '1', '1990-06-08', '2018-11-09 13:55:49', null);
INSERT INTO `aworkday` VALUES ('68', '1', '1991-08-10', '2018-11-09 13:55:49', null);
INSERT INTO `aworkday` VALUES ('69', '1', '2017-09-04', '2018-11-09 13:55:49', null);
INSERT INTO `aworkday` VALUES ('70', '1', '1981-08-26', '2018-11-09 13:55:49', null);
INSERT INTO `aworkday` VALUES ('71', '1', '2001-03-21', '2018-11-09 13:55:49', null);
INSERT INTO `aworkday` VALUES ('72', '1', '2003-02-28', '2018-11-09 13:55:49', null);
INSERT INTO `aworkday` VALUES ('73', '1', '2012-02-23', '2018-11-09 13:55:49', null);
INSERT INTO `aworkday` VALUES ('74', '1', '2011-08-07', '2018-11-09 13:55:49', null);
INSERT INTO `aworkday` VALUES ('75', '1', '1992-12-19', '2018-11-09 13:55:49', null);
INSERT INTO `aworkday` VALUES ('76', '1', '2012-02-14', '2018-11-09 13:55:49', null);
INSERT INTO `aworkday` VALUES ('77', '1', '1990-10-10', '2018-11-09 13:55:49', null);
INSERT INTO `aworkday` VALUES ('78', '1', '1991-03-13', '2018-11-09 13:55:49', null);
INSERT INTO `aworkday` VALUES ('79', '1', '1976-05-27', '2018-11-09 13:55:49', null);
INSERT INTO `aworkday` VALUES ('80', '1', '2017-01-02', '2018-11-09 13:55:49', null);
INSERT INTO `aworkday` VALUES ('81', '1', '2000-06-12', '2018-11-09 13:55:49', null);
INSERT INTO `aworkday` VALUES ('82', '1', '1976-11-09', '2018-11-09 13:55:49', null);
INSERT INTO `aworkday` VALUES ('83', '1', '2002-01-22', '2018-11-09 13:55:49', null);
INSERT INTO `aworkday` VALUES ('84', '1', '1997-12-28', '2018-11-09 13:55:50', null);
INSERT INTO `aworkday` VALUES ('85', '1', '2009-06-07', '2018-11-09 13:55:50', null);
INSERT INTO `aworkday` VALUES ('86', '1', '1975-11-27', '2018-11-09 13:55:50', null);
INSERT INTO `aworkday` VALUES ('87', '1', '1995-06-08', '2018-11-09 13:55:50', null);
INSERT INTO `aworkday` VALUES ('88', '1', '2003-01-15', '2018-11-09 13:55:50', null);
INSERT INTO `aworkday` VALUES ('89', '1', '1997-06-24', '2018-11-09 13:55:50', null);
INSERT INTO `aworkday` VALUES ('90', '1', '1979-05-13', '2018-11-09 13:55:50', null);
INSERT INTO `aworkday` VALUES ('91', '1', '1992-11-12', '2018-11-09 13:55:50', null);
INSERT INTO `aworkday` VALUES ('92', '1', '1995-07-17', '2018-11-09 13:55:50', null);
INSERT INTO `aworkday` VALUES ('93', '1', '1984-06-17', '2018-11-09 13:55:50', null);
INSERT INTO `aworkday` VALUES ('94', '1', '1990-08-29', '2018-11-09 13:55:50', null);
INSERT INTO `aworkday` VALUES ('95', '1', '2008-02-16', '2018-11-09 13:55:50', null);
INSERT INTO `aworkday` VALUES ('96', '1', '1989-01-02', '2018-11-09 13:55:50', null);
INSERT INTO `aworkday` VALUES ('97', '1', '1982-07-21', '2018-11-09 13:55:50', null);
INSERT INTO `aworkday` VALUES ('98', '1', '1992-01-25', '2018-11-09 13:55:50', null);
INSERT INTO `aworkday` VALUES ('99', '1', '1985-09-28', '2018-11-09 13:55:50', null);
INSERT INTO `aworkday` VALUES ('100', '1', '1975-01-25', '2018-11-09 13:55:50', null);
INSERT INTO `aworkday` VALUES ('101', '2', '1971-11-15', '2018-11-09 13:55:50', null);
INSERT INTO `aworkday` VALUES ('102', '2', '1991-04-01', '2018-11-09 13:55:50', null);
INSERT INTO `aworkday` VALUES ('103', '2', '1986-08-03', '2018-11-09 13:55:50', null);
INSERT INTO `aworkday` VALUES ('104', '2', '1978-05-10', '2018-11-09 13:55:50', null);
INSERT INTO `aworkday` VALUES ('105', '2', '1995-06-16', '2018-11-09 13:55:50', null);
INSERT INTO `aworkday` VALUES ('106', '2', '2010-07-13', '2018-11-09 13:55:50', null);
INSERT INTO `aworkday` VALUES ('107', '2', '1995-11-11', '2018-11-09 13:55:50', null);
INSERT INTO `aworkday` VALUES ('108', '2', '1999-03-29', '2018-11-09 13:55:50', null);
INSERT INTO `aworkday` VALUES ('109', '2', '1979-03-09', '2018-11-09 13:55:50', null);
INSERT INTO `aworkday` VALUES ('110', '2', '1997-12-04', '2018-11-09 13:55:50', null);
INSERT INTO `aworkday` VALUES ('111', '2', '1997-01-09', '2018-11-09 13:55:50', null);
INSERT INTO `aworkday` VALUES ('112', '2', '1977-09-02', '2018-11-09 13:55:50', null);
INSERT INTO `aworkday` VALUES ('113', '2', '2004-06-24', '2018-11-09 13:55:50', null);
INSERT INTO `aworkday` VALUES ('114', '2', '1994-10-16', '2018-11-09 13:55:50', null);
INSERT INTO `aworkday` VALUES ('115', '2', '1986-09-18', '2018-11-09 13:55:50', null);
INSERT INTO `aworkday` VALUES ('116', '2', '1996-06-22', '2018-11-09 13:55:50', null);
INSERT INTO `aworkday` VALUES ('117', '2', '2008-01-08', '2018-11-09 13:55:51', null);
INSERT INTO `aworkday` VALUES ('118', '2', '1982-05-09', '2018-11-09 13:55:51', null);
INSERT INTO `aworkday` VALUES ('119', '2', '1995-03-16', '2018-11-09 13:55:51', null);
INSERT INTO `aworkday` VALUES ('120', '2', '1971-10-28', '2018-11-09 13:55:51', null);
INSERT INTO `aworkday` VALUES ('121', '2', '2003-07-10', '2018-11-09 13:55:51', null);
INSERT INTO `aworkday` VALUES ('122', '2', '2014-09-12', '2018-11-09 13:55:51', null);
INSERT INTO `aworkday` VALUES ('123', '2', '2004-11-14', '2018-11-09 13:55:51', null);
INSERT INTO `aworkday` VALUES ('124', '2', '1986-12-24', '2018-11-09 13:55:51', null);
INSERT INTO `aworkday` VALUES ('125', '2', '1997-05-02', '2018-11-09 13:55:51', null);
INSERT INTO `aworkday` VALUES ('126', '2', '1987-01-11', '2018-11-09 13:55:51', null);
INSERT INTO `aworkday` VALUES ('127', '2', '1994-04-07', '2018-11-09 13:55:51', null);
INSERT INTO `aworkday` VALUES ('128', '2', '1998-10-02', '2018-11-09 13:55:51', null);
INSERT INTO `aworkday` VALUES ('129', '2', '1973-04-11', '2018-11-09 13:55:51', null);
INSERT INTO `aworkday` VALUES ('130', '2', '2018-06-17', '2018-11-09 13:55:51', null);
INSERT INTO `aworkday` VALUES ('131', '2', '1998-01-29', '2018-11-09 13:55:51', null);
INSERT INTO `aworkday` VALUES ('132', '2', '2004-11-02', '2018-11-09 13:55:51', null);
INSERT INTO `aworkday` VALUES ('133', '2', '2016-08-31', '2018-11-09 13:55:51', null);
INSERT INTO `aworkday` VALUES ('134', '2', '1996-02-13', '2018-11-09 13:55:51', null);
INSERT INTO `aworkday` VALUES ('135', '2', '1988-08-27', '2018-11-09 13:55:51', null);
INSERT INTO `aworkday` VALUES ('136', '2', '1976-06-29', '2018-11-09 13:55:51', null);
INSERT INTO `aworkday` VALUES ('137', '2', '2007-12-03', '2018-11-09 13:55:51', null);
INSERT INTO `aworkday` VALUES ('138', '2', '1994-09-26', '2018-11-09 13:55:51', null);
INSERT INTO `aworkday` VALUES ('139', '2', '1980-07-17', '2018-11-09 13:55:51', null);
INSERT INTO `aworkday` VALUES ('140', '2', '1978-03-25', '2018-11-09 13:55:51', null);
INSERT INTO `aworkday` VALUES ('141', '2', '2015-10-03', '2018-11-09 13:55:51', null);
INSERT INTO `aworkday` VALUES ('142', '2', '1979-08-27', '2018-11-09 13:55:51', null);
INSERT INTO `aworkday` VALUES ('143', '2', '2007-06-05', '2018-11-09 13:55:51', null);
INSERT INTO `aworkday` VALUES ('144', '2', '1995-04-20', '2018-11-09 13:55:51', null);
INSERT INTO `aworkday` VALUES ('145', '2', '1994-09-04', '2018-11-09 13:55:51', null);
INSERT INTO `aworkday` VALUES ('146', '2', '2017-01-31', '2018-11-09 13:55:51', null);
INSERT INTO `aworkday` VALUES ('147', '2', '2007-06-01', '2018-11-09 13:55:51', null);
INSERT INTO `aworkday` VALUES ('148', '2', '1976-10-19', '2018-11-09 13:55:51', null);
INSERT INTO `aworkday` VALUES ('149', '2', '1982-06-01', '2018-11-09 13:55:51', null);
INSERT INTO `aworkday` VALUES ('150', '2', '1974-06-22', '2018-11-09 13:55:52', null);
INSERT INTO `aworkday` VALUES ('151', '2', '2001-12-09', '2018-11-09 13:55:52', null);
INSERT INTO `aworkday` VALUES ('152', '2', '2011-07-21', '2018-11-09 13:55:52', null);
INSERT INTO `aworkday` VALUES ('153', '2', '2000-05-06', '2018-11-09 13:55:52', null);
INSERT INTO `aworkday` VALUES ('154', '2', '2018-07-08', '2018-11-09 13:55:52', null);
INSERT INTO `aworkday` VALUES ('155', '2', '2007-06-16', '2018-11-09 13:55:52', null);
INSERT INTO `aworkday` VALUES ('156', '2', '1973-12-19', '2018-11-09 13:55:52', null);
INSERT INTO `aworkday` VALUES ('157', '2', '2003-08-03', '2018-11-09 13:55:52', null);
INSERT INTO `aworkday` VALUES ('158', '2', '1999-03-17', '2018-11-09 13:55:52', null);
INSERT INTO `aworkday` VALUES ('159', '2', '1985-08-05', '2018-11-09 13:55:52', null);
INSERT INTO `aworkday` VALUES ('160', '2', '1971-09-15', '2018-11-09 13:55:52', null);
INSERT INTO `aworkday` VALUES ('161', '2', '2009-04-18', '2018-11-09 13:55:52', null);
INSERT INTO `aworkday` VALUES ('162', '2', '1996-06-06', '2018-11-09 13:55:52', null);
INSERT INTO `aworkday` VALUES ('163', '2', '1973-08-11', '2018-11-09 13:55:52', null);
INSERT INTO `aworkday` VALUES ('164', '2', '1985-03-06', '2018-11-09 13:55:52', null);
INSERT INTO `aworkday` VALUES ('165', '2', '1990-07-01', '2018-11-09 13:55:52', null);
INSERT INTO `aworkday` VALUES ('166', '2', '2012-10-25', '2018-11-09 13:55:52', null);
INSERT INTO `aworkday` VALUES ('167', '2', '1971-09-26', '2018-11-09 13:55:52', null);
INSERT INTO `aworkday` VALUES ('168', '2', '1971-11-11', '2018-11-09 13:55:52', null);
INSERT INTO `aworkday` VALUES ('169', '2', '2004-10-03', '2018-11-09 13:55:52', null);
INSERT INTO `aworkday` VALUES ('170', '2', '1977-05-04', '2018-11-09 13:55:52', null);
INSERT INTO `aworkday` VALUES ('171', '2', '1995-04-12', '2018-11-09 13:55:52', null);
INSERT INTO `aworkday` VALUES ('172', '2', '2005-09-14', '2018-11-09 13:55:52', null);
INSERT INTO `aworkday` VALUES ('173', '2', '1979-02-03', '2018-11-09 13:55:52', null);
INSERT INTO `aworkday` VALUES ('174', '2', '2017-11-10', '2018-11-09 13:55:52', null);
INSERT INTO `aworkday` VALUES ('175', '2', '2017-01-12', '2018-11-09 13:55:52', null);
INSERT INTO `aworkday` VALUES ('176', '2', '2006-11-22', '2018-11-09 13:55:52', null);
INSERT INTO `aworkday` VALUES ('177', '2', '2006-09-25', '2018-11-09 13:55:52', null);
INSERT INTO `aworkday` VALUES ('178', '2', '1973-07-05', '2018-11-09 13:55:52', null);
INSERT INTO `aworkday` VALUES ('179', '2', '1996-10-24', '2018-11-09 13:55:52', null);
INSERT INTO `aworkday` VALUES ('180', '2', '1983-10-18', '2018-11-09 13:55:52', null);
INSERT INTO `aworkday` VALUES ('181', '2', '1980-01-20', '2018-11-09 13:55:52', null);
INSERT INTO `aworkday` VALUES ('182', '2', '1993-02-09', '2018-11-09 13:55:52', null);
INSERT INTO `aworkday` VALUES ('183', '2', '2009-12-20', '2018-11-09 13:55:53', null);
INSERT INTO `aworkday` VALUES ('184', '2', '2002-12-02', '2018-11-09 13:55:53', null);
INSERT INTO `aworkday` VALUES ('185', '2', '1984-02-29', '2018-11-09 13:55:53', null);
INSERT INTO `aworkday` VALUES ('186', '2', '2010-08-29', '2018-11-09 13:55:53', null);
INSERT INTO `aworkday` VALUES ('187', '2', '1973-06-02', '2018-11-09 13:55:53', null);
INSERT INTO `aworkday` VALUES ('188', '2', '2002-08-02', '2018-11-09 13:55:53', null);
INSERT INTO `aworkday` VALUES ('189', '2', '1994-04-03', '2018-11-09 13:55:53', null);
INSERT INTO `aworkday` VALUES ('190', '2', '1972-11-19', '2018-11-09 13:55:53', null);
INSERT INTO `aworkday` VALUES ('191', '2', '2012-04-14', '2018-11-09 13:55:53', null);
INSERT INTO `aworkday` VALUES ('192', '2', '1988-10-25', '2018-11-09 13:55:53', null);
INSERT INTO `aworkday` VALUES ('193', '2', '2015-05-26', '2018-11-09 13:55:53', null);
INSERT INTO `aworkday` VALUES ('194', '2', '2007-07-16', '2018-11-09 13:55:53', null);
INSERT INTO `aworkday` VALUES ('195', '2', '1985-05-18', '2018-11-09 13:55:53', null);
INSERT INTO `aworkday` VALUES ('196', '2', '1986-09-21', '2018-11-09 13:55:53', null);
INSERT INTO `aworkday` VALUES ('197', '2', '1999-12-05', '2018-11-09 13:55:53', null);
INSERT INTO `aworkday` VALUES ('198', '2', '1991-07-05', '2018-11-09 13:55:53', null);
INSERT INTO `aworkday` VALUES ('199', '2', '1994-01-01', '2018-11-09 13:55:53', null);
INSERT INTO `aworkday` VALUES ('200', '2', '2000-05-19', '2018-11-09 13:55:53', null);
INSERT INTO `aworkday` VALUES ('201', '3', '2007-11-23', '2018-11-09 13:55:53', null);
INSERT INTO `aworkday` VALUES ('202', '3', '1988-05-30', '2018-11-09 13:55:53', null);
INSERT INTO `aworkday` VALUES ('203', '3', '2012-11-03', '2018-11-09 13:55:53', null);
INSERT INTO `aworkday` VALUES ('204', '3', '1974-02-15', '2018-11-09 13:55:53', null);
INSERT INTO `aworkday` VALUES ('205', '3', '1976-03-07', '2018-11-09 13:55:53', null);
INSERT INTO `aworkday` VALUES ('206', '3', '1981-09-18', '2018-11-09 13:55:53', null);
INSERT INTO `aworkday` VALUES ('207', '3', '1976-12-05', '2018-11-09 13:55:53', null);
INSERT INTO `aworkday` VALUES ('208', '3', '1991-07-07', '2018-11-09 13:55:53', null);
INSERT INTO `aworkday` VALUES ('209', '3', '2008-06-05', '2018-11-09 13:55:53', null);
INSERT INTO `aworkday` VALUES ('210', '3', '1987-11-02', '2018-11-09 13:55:53', null);
INSERT INTO `aworkday` VALUES ('211', '3', '2003-01-30', '2018-11-09 13:55:53', null);
INSERT INTO `aworkday` VALUES ('212', '3', '1990-04-11', '2018-11-09 13:55:53', null);
INSERT INTO `aworkday` VALUES ('213', '3', '1993-10-03', '2018-11-09 13:55:53', null);
INSERT INTO `aworkday` VALUES ('214', '3', '1975-05-26', '2018-11-09 13:55:53', null);
INSERT INTO `aworkday` VALUES ('215', '3', '1991-11-29', '2018-11-09 13:55:53', null);
INSERT INTO `aworkday` VALUES ('216', '3', '1988-05-24', '2018-11-09 13:55:53', null);
INSERT INTO `aworkday` VALUES ('217', '3', '1981-07-07', '2018-11-09 13:55:54', null);
INSERT INTO `aworkday` VALUES ('218', '3', '2002-03-15', '2018-11-09 13:55:54', null);
INSERT INTO `aworkday` VALUES ('219', '3', '2015-11-16', '2018-11-09 13:55:54', null);
INSERT INTO `aworkday` VALUES ('220', '3', '1997-02-19', '2018-11-09 13:55:54', null);
INSERT INTO `aworkday` VALUES ('221', '3', '1990-11-15', '2018-11-09 13:55:54', null);
INSERT INTO `aworkday` VALUES ('222', '3', '1971-12-27', '2018-11-09 13:55:54', null);
INSERT INTO `aworkday` VALUES ('223', '3', '1995-03-31', '2018-11-09 13:55:54', null);
INSERT INTO `aworkday` VALUES ('224', '3', '1998-06-13', '2018-11-09 13:55:54', null);
INSERT INTO `aworkday` VALUES ('225', '3', '1987-11-10', '2018-11-09 13:55:54', null);
INSERT INTO `aworkday` VALUES ('226', '3', '2001-06-05', '2018-11-09 13:55:54', null);
INSERT INTO `aworkday` VALUES ('227', '3', '2007-10-22', '2018-11-09 13:55:54', null);
INSERT INTO `aworkday` VALUES ('228', '3', '1981-02-21', '2018-11-09 13:55:54', null);
INSERT INTO `aworkday` VALUES ('229', '3', '1979-10-11', '2018-11-09 13:55:54', null);
INSERT INTO `aworkday` VALUES ('230', '3', '2006-12-18', '2018-11-09 13:55:54', null);
INSERT INTO `aworkday` VALUES ('231', '3', '1971-06-02', '2018-11-09 13:55:54', null);
INSERT INTO `aworkday` VALUES ('232', '3', '1980-07-04', '2018-11-09 13:55:54', null);
INSERT INTO `aworkday` VALUES ('233', '3', '1997-10-11', '2018-11-09 13:55:54', null);
INSERT INTO `aworkday` VALUES ('234', '3', '1978-11-27', '2018-11-09 13:55:54', null);
INSERT INTO `aworkday` VALUES ('235', '3', '2008-06-25', '2018-11-09 13:55:54', null);
INSERT INTO `aworkday` VALUES ('236', '3', '1975-12-21', '2018-11-09 13:55:54', null);
INSERT INTO `aworkday` VALUES ('237', '3', '1973-11-02', '2018-11-09 13:55:54', null);
INSERT INTO `aworkday` VALUES ('238', '3', '2003-08-28', '2018-11-09 13:55:54', null);
INSERT INTO `aworkday` VALUES ('239', '3', '1990-09-15', '2018-11-09 13:55:54', null);
INSERT INTO `aworkday` VALUES ('240', '3', '1991-05-28', '2018-11-09 13:55:54', null);
INSERT INTO `aworkday` VALUES ('241', '3', '1973-07-10', '2018-11-09 13:55:54', null);
INSERT INTO `aworkday` VALUES ('242', '3', '2017-12-29', '2018-11-09 13:55:54', null);
INSERT INTO `aworkday` VALUES ('243', '3', '1989-01-20', '2018-11-09 13:55:54', null);
INSERT INTO `aworkday` VALUES ('244', '3', '1978-10-31', '2018-11-09 13:55:54', null);
INSERT INTO `aworkday` VALUES ('245', '3', '1974-06-13', '2018-11-09 13:55:54', null);
INSERT INTO `aworkday` VALUES ('246', '3', '1997-04-18', '2018-11-09 13:55:54', null);
INSERT INTO `aworkday` VALUES ('247', '3', '1983-12-25', '2018-11-09 13:55:54', null);
INSERT INTO `aworkday` VALUES ('248', '3', '2003-08-09', '2018-11-09 13:55:55', null);
INSERT INTO `aworkday` VALUES ('249', '3', '1972-08-04', '2018-11-09 13:55:55', null);
INSERT INTO `aworkday` VALUES ('250', '3', '2017-02-20', '2018-11-09 13:55:55', null);
INSERT INTO `aworkday` VALUES ('251', '3', '2000-10-15', '2018-11-09 13:55:55', null);
INSERT INTO `aworkday` VALUES ('252', '3', '1980-10-21', '2018-11-09 13:55:55', null);
INSERT INTO `aworkday` VALUES ('253', '3', '1970-12-04', '2018-11-09 13:55:55', null);
INSERT INTO `aworkday` VALUES ('254', '3', '2017-06-10', '2018-11-09 13:55:55', null);
INSERT INTO `aworkday` VALUES ('255', '3', '1972-05-27', '2018-11-09 13:55:55', null);
INSERT INTO `aworkday` VALUES ('256', '3', '1981-10-22', '2018-11-09 13:55:55', null);
INSERT INTO `aworkday` VALUES ('257', '3', '1976-06-18', '2018-11-09 13:55:55', null);
INSERT INTO `aworkday` VALUES ('258', '3', '2002-04-22', '2018-11-09 13:55:55', null);
INSERT INTO `aworkday` VALUES ('259', '3', '1978-09-15', '2018-11-09 13:55:55', null);
INSERT INTO `aworkday` VALUES ('260', '3', '1986-03-15', '2018-11-09 13:55:55', null);
INSERT INTO `aworkday` VALUES ('261', '3', '1985-06-08', '2018-11-09 13:55:55', null);
INSERT INTO `aworkday` VALUES ('262', '3', '1976-01-15', '2018-11-09 13:55:55', null);
INSERT INTO `aworkday` VALUES ('263', '3', '1976-08-05', '2018-11-09 13:55:55', null);
INSERT INTO `aworkday` VALUES ('264', '3', '1973-10-19', '2018-11-09 13:55:55', null);
INSERT INTO `aworkday` VALUES ('265', '3', '1971-11-27', '2018-11-09 13:55:55', null);
INSERT INTO `aworkday` VALUES ('266', '3', '1994-05-09', '2018-11-09 13:55:55', null);
INSERT INTO `aworkday` VALUES ('267', '3', '2008-07-23', '2018-11-09 13:55:55', null);
INSERT INTO `aworkday` VALUES ('268', '3', '2015-07-15', '2018-11-09 13:55:55', null);
INSERT INTO `aworkday` VALUES ('269', '3', '1988-08-08', '2018-11-09 13:55:55', null);
INSERT INTO `aworkday` VALUES ('270', '3', '1983-09-13', '2018-11-09 13:55:55', null);
INSERT INTO `aworkday` VALUES ('271', '3', '1973-05-03', '2018-11-09 13:55:55', null);
INSERT INTO `aworkday` VALUES ('272', '3', '1993-03-07', '2018-11-09 13:55:55', null);
INSERT INTO `aworkday` VALUES ('273', '3', '2012-05-26', '2018-11-09 13:55:55', null);
INSERT INTO `aworkday` VALUES ('274', '3', '2010-10-13', '2018-11-09 13:55:55', null);
INSERT INTO `aworkday` VALUES ('275', '3', '1987-01-30', '2018-11-09 13:55:55', null);
INSERT INTO `aworkday` VALUES ('276', '3', '1970-07-14', '2018-11-09 13:55:55', null);
INSERT INTO `aworkday` VALUES ('277', '3', '1989-09-08', '2018-11-09 13:55:55', null);
INSERT INTO `aworkday` VALUES ('278', '3', '1984-05-24', '2018-11-09 13:55:56', null);
INSERT INTO `aworkday` VALUES ('279', '3', '1988-06-03', '2018-11-09 13:55:56', null);
INSERT INTO `aworkday` VALUES ('280', '3', '1998-09-07', '2018-11-09 13:55:56', null);
INSERT INTO `aworkday` VALUES ('281', '3', '1993-04-21', '2018-11-09 13:55:56', null);
INSERT INTO `aworkday` VALUES ('282', '3', '1988-06-25', '2018-11-09 13:55:56', null);
INSERT INTO `aworkday` VALUES ('283', '3', '1974-03-21', '2018-11-09 13:55:56', null);
INSERT INTO `aworkday` VALUES ('284', '3', '2012-11-03', '2018-11-09 13:55:56', null);
INSERT INTO `aworkday` VALUES ('285', '3', '2011-11-01', '2018-11-09 13:55:56', null);
INSERT INTO `aworkday` VALUES ('286', '3', '1989-01-19', '2018-11-09 13:55:56', null);
INSERT INTO `aworkday` VALUES ('287', '3', '1977-01-01', '2018-11-09 13:55:56', null);
INSERT INTO `aworkday` VALUES ('288', '3', '1979-06-11', '2018-11-09 13:55:56', null);
INSERT INTO `aworkday` VALUES ('289', '3', '1980-02-21', '2018-11-09 13:55:56', null);
INSERT INTO `aworkday` VALUES ('290', '3', '1975-02-12', '2018-11-09 13:55:56', null);
INSERT INTO `aworkday` VALUES ('291', '3', '2002-08-08', '2018-11-09 13:55:56', null);
INSERT INTO `aworkday` VALUES ('292', '3', '1987-08-11', '2018-11-09 13:55:56', null);
INSERT INTO `aworkday` VALUES ('293', '3', '2006-08-20', '2018-11-09 13:55:56', null);
INSERT INTO `aworkday` VALUES ('294', '3', '1988-08-06', '2018-11-09 13:55:56', null);
INSERT INTO `aworkday` VALUES ('295', '3', '1971-02-14', '2018-11-09 13:55:56', null);
INSERT INTO `aworkday` VALUES ('296', '3', '2008-07-28', '2018-11-09 13:55:56', null);
INSERT INTO `aworkday` VALUES ('297', '3', '2013-12-15', '2018-11-09 13:55:56', null);
INSERT INTO `aworkday` VALUES ('298', '3', '1991-05-04', '2018-11-09 13:55:56', null);
INSERT INTO `aworkday` VALUES ('299', '3', '2010-10-25', '2018-11-09 13:55:56', null);
INSERT INTO `aworkday` VALUES ('300', '3', '1978-11-06', '2018-11-09 13:55:56', null);
INSERT INTO `aworkday` VALUES ('301', '4', '1980-12-07', '2018-11-09 13:55:56', null);
INSERT INTO `aworkday` VALUES ('302', '4', '2012-06-22', '2018-11-09 13:55:56', null);
INSERT INTO `aworkday` VALUES ('303', '4', '1994-06-02', '2018-11-09 13:55:56', null);
INSERT INTO `aworkday` VALUES ('304', '4', '1997-07-19', '2018-11-09 13:55:56', null);
INSERT INTO `aworkday` VALUES ('305', '4', '1982-10-12', '2018-11-09 13:55:56', null);
INSERT INTO `aworkday` VALUES ('306', '4', '2010-08-29', '2018-11-09 13:55:56', null);
INSERT INTO `aworkday` VALUES ('307', '4', '1999-10-23', '2018-11-09 13:55:56', null);
INSERT INTO `aworkday` VALUES ('308', '4', '1989-07-31', '2018-11-09 13:55:56', null);
INSERT INTO `aworkday` VALUES ('309', '4', '2001-03-19', '2018-11-09 13:55:56', null);
INSERT INTO `aworkday` VALUES ('310', '4', '2003-08-08', '2018-11-09 13:55:57', null);
INSERT INTO `aworkday` VALUES ('311', '4', '1980-11-12', '2018-11-09 13:55:57', null);
INSERT INTO `aworkday` VALUES ('312', '4', '2018-09-02', '2018-11-09 13:55:57', null);
INSERT INTO `aworkday` VALUES ('313', '4', '1984-04-21', '2018-11-09 13:55:57', null);
INSERT INTO `aworkday` VALUES ('314', '4', '1991-04-22', '2018-11-09 13:55:57', null);
INSERT INTO `aworkday` VALUES ('315', '4', '2012-10-08', '2018-11-09 13:55:57', null);
INSERT INTO `aworkday` VALUES ('316', '4', '1985-06-29', '2018-11-09 13:55:57', null);
INSERT INTO `aworkday` VALUES ('317', '4', '1994-09-25', '2018-11-09 13:55:57', null);
INSERT INTO `aworkday` VALUES ('318', '4', '2018-04-02', '2018-11-09 13:55:57', null);
INSERT INTO `aworkday` VALUES ('319', '4', '1995-05-24', '2018-11-09 13:55:57', null);
INSERT INTO `aworkday` VALUES ('320', '4', '2014-07-01', '2018-11-09 13:55:57', null);
INSERT INTO `aworkday` VALUES ('321', '4', '2016-12-19', '2018-11-09 13:55:57', null);
INSERT INTO `aworkday` VALUES ('322', '4', '1984-09-12', '2018-11-09 13:55:57', null);
INSERT INTO `aworkday` VALUES ('323', '4', '1995-09-23', '2018-11-09 13:55:57', null);
INSERT INTO `aworkday` VALUES ('324', '4', '1981-11-02', '2018-11-09 13:55:57', null);
INSERT INTO `aworkday` VALUES ('325', '4', '1995-08-31', '2018-11-09 13:55:57', null);
INSERT INTO `aworkday` VALUES ('326', '4', '2011-04-30', '2018-11-09 13:55:57', null);
INSERT INTO `aworkday` VALUES ('327', '4', '2010-07-10', '2018-11-09 13:55:57', null);
INSERT INTO `aworkday` VALUES ('328', '4', '1975-10-08', '2018-11-09 13:55:57', null);
INSERT INTO `aworkday` VALUES ('329', '4', '1973-03-24', '2018-11-09 13:55:57', null);
INSERT INTO `aworkday` VALUES ('330', '4', '1973-06-22', '2018-11-09 13:55:57', null);
INSERT INTO `aworkday` VALUES ('331', '4', '2001-09-26', '2018-11-09 13:55:57', null);
INSERT INTO `aworkday` VALUES ('332', '4', '2002-11-10', '2018-11-09 13:55:57', null);
INSERT INTO `aworkday` VALUES ('333', '4', '2002-04-29', '2018-11-09 13:55:58', null);
INSERT INTO `aworkday` VALUES ('334', '4', '1980-11-12', '2018-11-09 13:55:58', null);
INSERT INTO `aworkday` VALUES ('335', '4', '1988-12-22', '2018-11-09 13:55:58', null);
INSERT INTO `aworkday` VALUES ('336', '4', '1975-06-01', '2018-11-09 13:55:58', null);
INSERT INTO `aworkday` VALUES ('337', '4', '1977-01-09', '2018-11-09 13:55:58', null);
INSERT INTO `aworkday` VALUES ('338', '4', '2012-07-01', '2018-11-09 13:55:58', null);
INSERT INTO `aworkday` VALUES ('339', '4', '2003-10-30', '2018-11-09 13:55:58', null);
INSERT INTO `aworkday` VALUES ('340', '4', '1978-07-01', '2018-11-09 13:55:58', null);
INSERT INTO `aworkday` VALUES ('341', '4', '1982-08-27', '2018-11-09 13:55:58', null);
INSERT INTO `aworkday` VALUES ('342', '4', '1975-11-27', '2018-11-09 13:55:58', null);
INSERT INTO `aworkday` VALUES ('343', '4', '1982-03-12', '2018-11-09 13:55:58', null);
INSERT INTO `aworkday` VALUES ('344', '4', '1973-07-28', '2018-11-09 13:55:58', null);
INSERT INTO `aworkday` VALUES ('345', '4', '1972-02-10', '2018-11-09 13:55:58', null);
INSERT INTO `aworkday` VALUES ('346', '4', '1975-05-06', '2018-11-09 13:55:58', null);
INSERT INTO `aworkday` VALUES ('347', '4', '1997-10-06', '2018-11-09 13:55:58', null);
INSERT INTO `aworkday` VALUES ('348', '4', '1989-10-29', '2018-11-09 13:55:58', null);
INSERT INTO `aworkday` VALUES ('349', '4', '1970-12-23', '2018-11-09 13:55:58', null);
INSERT INTO `aworkday` VALUES ('350', '4', '1977-05-23', '2018-11-09 13:55:59', null);
INSERT INTO `aworkday` VALUES ('351', '4', '2017-09-29', '2018-11-09 13:55:59', null);
INSERT INTO `aworkday` VALUES ('352', '4', '1997-08-16', '2018-11-09 13:55:59', null);
INSERT INTO `aworkday` VALUES ('353', '4', '2015-07-21', '2018-11-09 13:55:59', null);
INSERT INTO `aworkday` VALUES ('354', '4', '1984-12-05', '2018-11-09 13:55:59', null);
INSERT INTO `aworkday` VALUES ('355', '4', '2001-08-04', '2018-11-09 13:55:59', null);
INSERT INTO `aworkday` VALUES ('356', '4', '1990-01-22', '2018-11-09 13:55:59', null);
INSERT INTO `aworkday` VALUES ('357', '4', '1976-08-31', '2018-11-09 13:55:59', null);
INSERT INTO `aworkday` VALUES ('358', '4', '2017-02-28', '2018-11-09 13:55:59', null);
INSERT INTO `aworkday` VALUES ('359', '4', '1986-12-27', '2018-11-09 13:55:59', null);
INSERT INTO `aworkday` VALUES ('360', '4', '2009-04-09', '2018-11-09 13:55:59', null);
INSERT INTO `aworkday` VALUES ('361', '4', '2005-11-28', '2018-11-09 13:55:59', null);
INSERT INTO `aworkday` VALUES ('362', '4', '2012-02-09', '2018-11-09 13:55:59', null);
INSERT INTO `aworkday` VALUES ('363', '4', '1970-01-09', '2018-11-09 13:55:59', null);
INSERT INTO `aworkday` VALUES ('364', '4', '1985-10-18', '2018-11-09 13:55:59', null);
INSERT INTO `aworkday` VALUES ('365', '4', '1994-02-24', '2018-11-09 13:55:59', null);
INSERT INTO `aworkday` VALUES ('366', '4', '2000-08-23', '2018-11-09 13:55:59', null);
INSERT INTO `aworkday` VALUES ('367', '4', '1985-06-27', '2018-11-09 13:55:59', null);
INSERT INTO `aworkday` VALUES ('368', '4', '1995-05-06', '2018-11-09 13:55:59', null);
INSERT INTO `aworkday` VALUES ('369', '4', '2008-08-04', '2018-11-09 13:55:59', null);
INSERT INTO `aworkday` VALUES ('370', '4', '1972-08-09', '2018-11-09 13:55:59', null);
INSERT INTO `aworkday` VALUES ('371', '4', '1975-07-26', '2018-11-09 13:55:59', null);
INSERT INTO `aworkday` VALUES ('372', '4', '1983-02-10', '2018-11-09 13:55:59', null);
INSERT INTO `aworkday` VALUES ('373', '4', '1983-06-02', '2018-11-09 13:55:59', null);
INSERT INTO `aworkday` VALUES ('374', '4', '1984-04-12', '2018-11-09 13:55:59', null);
INSERT INTO `aworkday` VALUES ('375', '4', '1976-10-10', '2018-11-09 13:55:59', null);
INSERT INTO `aworkday` VALUES ('376', '4', '2012-12-19', '2018-11-09 13:55:59', null);
INSERT INTO `aworkday` VALUES ('377', '4', '1971-12-14', '2018-11-09 13:55:59', null);
INSERT INTO `aworkday` VALUES ('378', '4', '2009-04-07', '2018-11-09 13:55:59', null);
INSERT INTO `aworkday` VALUES ('379', '4', '1998-01-23', '2018-11-09 13:55:59', null);
INSERT INTO `aworkday` VALUES ('380', '4', '1973-01-29', '2018-11-09 13:55:59', null);
INSERT INTO `aworkday` VALUES ('381', '4', '2011-06-01', '2018-11-09 13:56:00', null);
INSERT INTO `aworkday` VALUES ('382', '4', '1995-08-08', '2018-11-09 13:56:00', null);
INSERT INTO `aworkday` VALUES ('383', '4', '1987-04-28', '2018-11-09 13:56:00', null);
INSERT INTO `aworkday` VALUES ('384', '4', '2008-01-30', '2018-11-09 13:56:00', null);
INSERT INTO `aworkday` VALUES ('385', '4', '1986-12-06', '2018-11-09 13:56:00', null);
INSERT INTO `aworkday` VALUES ('386', '4', '1975-02-05', '2018-11-09 13:56:00', null);
INSERT INTO `aworkday` VALUES ('387', '4', '1981-09-24', '2018-11-09 13:56:00', null);
INSERT INTO `aworkday` VALUES ('388', '4', '2003-04-23', '2018-11-09 13:56:00', null);
INSERT INTO `aworkday` VALUES ('389', '4', '1979-04-10', '2018-11-09 13:56:00', null);
INSERT INTO `aworkday` VALUES ('390', '4', '1974-02-06', '2018-11-09 13:56:00', null);
INSERT INTO `aworkday` VALUES ('391', '4', '2015-10-21', '2018-11-09 13:56:00', null);
INSERT INTO `aworkday` VALUES ('392', '4', '1985-12-31', '2018-11-09 13:56:00', null);
INSERT INTO `aworkday` VALUES ('393', '4', '1998-04-23', '2018-11-09 13:56:00', null);
INSERT INTO `aworkday` VALUES ('394', '4', '2013-10-21', '2018-11-09 13:56:00', null);
INSERT INTO `aworkday` VALUES ('395', '4', '1977-01-05', '2018-11-09 13:56:00', null);
INSERT INTO `aworkday` VALUES ('396', '4', '1992-03-31', '2018-11-09 13:56:00', null);
INSERT INTO `aworkday` VALUES ('397', '4', '1986-05-02', '2018-11-09 13:56:00', null);
INSERT INTO `aworkday` VALUES ('398', '4', '1981-05-02', '2018-11-09 13:56:00', null);
INSERT INTO `aworkday` VALUES ('399', '4', '2003-07-08', '2018-11-09 13:56:00', null);
INSERT INTO `aworkday` VALUES ('400', '4', '1994-06-17', '2018-11-09 13:56:00', null);
INSERT INTO `aworkday` VALUES ('401', '5', '1977-12-14', '2018-11-09 13:56:00', null);
INSERT INTO `aworkday` VALUES ('402', '5', '1982-07-13', '2018-11-09 13:56:00', null);
INSERT INTO `aworkday` VALUES ('403', '5', '1994-08-31', '2018-11-09 13:56:00', null);
INSERT INTO `aworkday` VALUES ('404', '5', '2008-02-15', '2018-11-09 13:56:00', null);
INSERT INTO `aworkday` VALUES ('405', '5', '2008-03-16', '2018-11-09 13:56:00', null);
INSERT INTO `aworkday` VALUES ('406', '5', '2003-06-29', '2018-11-09 13:56:00', null);
INSERT INTO `aworkday` VALUES ('407', '5', '1986-06-08', '2018-11-09 13:56:00', null);
INSERT INTO `aworkday` VALUES ('408', '5', '1982-10-10', '2018-11-09 13:56:00', null);
INSERT INTO `aworkday` VALUES ('409', '5', '1975-03-03', '2018-11-09 13:56:00', null);
INSERT INTO `aworkday` VALUES ('410', '5', '1970-05-27', '2018-11-09 13:56:00', null);
INSERT INTO `aworkday` VALUES ('411', '5', '1995-03-29', '2018-11-09 13:56:00', null);
INSERT INTO `aworkday` VALUES ('412', '5', '2001-10-25', '2018-11-09 13:56:01', null);
INSERT INTO `aworkday` VALUES ('413', '5', '1993-05-26', '2018-11-09 13:56:01', null);
INSERT INTO `aworkday` VALUES ('414', '5', '1984-06-18', '2018-11-09 13:56:01', null);
INSERT INTO `aworkday` VALUES ('415', '5', '1983-05-28', '2018-11-09 13:56:01', null);
INSERT INTO `aworkday` VALUES ('416', '5', '2009-08-12', '2018-11-09 13:56:01', null);
INSERT INTO `aworkday` VALUES ('417', '5', '1999-05-02', '2018-11-09 13:56:01', null);
INSERT INTO `aworkday` VALUES ('418', '5', '2011-09-16', '2018-11-09 13:56:01', null);
INSERT INTO `aworkday` VALUES ('419', '5', '2008-07-03', '2018-11-09 13:56:01', null);
INSERT INTO `aworkday` VALUES ('420', '5', '1997-07-05', '2018-11-09 13:56:01', null);
INSERT INTO `aworkday` VALUES ('421', '5', '1984-06-23', '2018-11-09 13:56:01', null);
INSERT INTO `aworkday` VALUES ('422', '5', '1978-05-29', '2018-11-09 13:56:01', null);
INSERT INTO `aworkday` VALUES ('423', '5', '1999-06-08', '2018-11-09 13:56:01', null);
INSERT INTO `aworkday` VALUES ('424', '5', '1989-03-17', '2018-11-09 13:56:01', null);
INSERT INTO `aworkday` VALUES ('425', '5', '2001-04-10', '2018-11-09 13:56:01', null);
INSERT INTO `aworkday` VALUES ('426', '5', '1998-06-20', '2018-11-09 13:56:01', null);
INSERT INTO `aworkday` VALUES ('427', '5', '2009-09-23', '2018-11-09 13:56:01', null);
INSERT INTO `aworkday` VALUES ('428', '5', '1981-12-13', '2018-11-09 13:56:01', null);
INSERT INTO `aworkday` VALUES ('429', '5', '1980-11-22', '2018-11-09 13:56:01', null);
INSERT INTO `aworkday` VALUES ('430', '5', '1972-07-23', '2018-11-09 13:56:01', null);
INSERT INTO `aworkday` VALUES ('431', '5', '1984-04-23', '2018-11-09 13:56:01', null);
INSERT INTO `aworkday` VALUES ('432', '5', '2000-08-09', '2018-11-09 13:56:01', null);
INSERT INTO `aworkday` VALUES ('433', '5', '2016-11-16', '2018-11-09 13:56:01', null);
INSERT INTO `aworkday` VALUES ('434', '5', '1970-11-20', '2018-11-09 13:56:01', null);
INSERT INTO `aworkday` VALUES ('435', '5', '1985-12-02', '2018-11-09 13:56:01', null);
INSERT INTO `aworkday` VALUES ('436', '5', '1985-01-16', '2018-11-09 13:56:01', null);
INSERT INTO `aworkday` VALUES ('437', '5', '1974-03-02', '2018-11-09 13:56:01', null);
INSERT INTO `aworkday` VALUES ('438', '5', '1987-08-29', '2018-11-09 13:56:01', null);
INSERT INTO `aworkday` VALUES ('439', '5', '1992-01-08', '2018-11-09 13:56:01', null);
INSERT INTO `aworkday` VALUES ('440', '5', '1971-04-22', '2018-11-09 13:56:01', null);
INSERT INTO `aworkday` VALUES ('441', '5', '1995-09-04', '2018-11-09 13:56:01', null);
INSERT INTO `aworkday` VALUES ('442', '5', '2011-01-22', '2018-11-09 13:56:02', null);
INSERT INTO `aworkday` VALUES ('443', '5', '1989-12-02', '2018-11-09 13:56:02', null);
INSERT INTO `aworkday` VALUES ('444', '5', '2008-10-12', '2018-11-09 13:56:02', null);
INSERT INTO `aworkday` VALUES ('445', '5', '1983-07-29', '2018-11-09 13:56:02', null);
INSERT INTO `aworkday` VALUES ('446', '5', '1985-02-23', '2018-11-09 13:56:02', null);
INSERT INTO `aworkday` VALUES ('447', '5', '2015-02-12', '2018-11-09 13:56:02', null);
INSERT INTO `aworkday` VALUES ('448', '5', '2012-01-23', '2018-11-09 13:56:02', null);
INSERT INTO `aworkday` VALUES ('449', '5', '2014-04-26', '2018-11-09 13:56:02', null);
INSERT INTO `aworkday` VALUES ('450', '5', '1975-11-07', '2018-11-09 13:56:02', null);
INSERT INTO `aworkday` VALUES ('451', '5', '2014-12-13', '2018-11-09 13:56:02', null);
INSERT INTO `aworkday` VALUES ('452', '5', '2012-08-14', '2018-11-09 13:56:02', null);
INSERT INTO `aworkday` VALUES ('453', '5', '1973-10-04', '2018-11-09 13:56:02', null);
INSERT INTO `aworkday` VALUES ('454', '5', '1972-10-26', '2018-11-09 13:56:02', null);
INSERT INTO `aworkday` VALUES ('455', '5', '1990-07-03', '2018-11-09 13:56:02', null);
INSERT INTO `aworkday` VALUES ('456', '5', '1972-04-06', '2018-11-09 13:56:02', null);
INSERT INTO `aworkday` VALUES ('457', '5', '1975-05-12', '2018-11-09 13:56:02', null);
INSERT INTO `aworkday` VALUES ('458', '5', '1979-06-28', '2018-11-09 13:56:02', null);
INSERT INTO `aworkday` VALUES ('459', '5', '2009-05-10', '2018-11-09 13:56:02', null);
INSERT INTO `aworkday` VALUES ('460', '5', '1983-02-05', '2018-11-09 13:56:02', null);
INSERT INTO `aworkday` VALUES ('461', '5', '2010-08-18', '2018-11-09 13:56:02', null);
INSERT INTO `aworkday` VALUES ('462', '5', '2010-02-10', '2018-11-09 13:56:02', null);
INSERT INTO `aworkday` VALUES ('463', '5', '2014-03-19', '2018-11-09 13:56:02', null);
INSERT INTO `aworkday` VALUES ('464', '5', '1996-09-15', '2018-11-09 13:56:02', null);
INSERT INTO `aworkday` VALUES ('465', '5', '1988-01-28', '2018-11-09 13:56:02', null);
INSERT INTO `aworkday` VALUES ('466', '5', '2017-03-02', '2018-11-09 13:56:02', null);
INSERT INTO `aworkday` VALUES ('467', '5', '2014-12-22', '2018-11-09 13:56:02', null);
INSERT INTO `aworkday` VALUES ('468', '5', '1982-07-15', '2018-11-09 13:56:02', null);
INSERT INTO `aworkday` VALUES ('469', '5', '1983-01-11', '2018-11-09 13:56:03', null);
INSERT INTO `aworkday` VALUES ('470', '5', '1975-12-26', '2018-11-09 13:56:03', null);
INSERT INTO `aworkday` VALUES ('471', '5', '1995-03-06', '2018-11-09 13:56:03', null);
INSERT INTO `aworkday` VALUES ('472', '5', '1987-03-18', '2018-11-09 13:56:03', null);
INSERT INTO `aworkday` VALUES ('473', '5', '1993-06-17', '2018-11-09 13:56:03', null);
INSERT INTO `aworkday` VALUES ('474', '5', '1970-04-30', '2018-11-09 13:56:03', null);
INSERT INTO `aworkday` VALUES ('475', '5', '2002-01-01', '2018-11-09 13:56:03', null);
INSERT INTO `aworkday` VALUES ('476', '5', '2008-08-23', '2018-11-09 13:56:03', null);
INSERT INTO `aworkday` VALUES ('477', '5', '1988-05-19', '2018-11-09 13:56:03', null);
INSERT INTO `aworkday` VALUES ('478', '5', '2008-03-28', '2018-11-09 13:56:03', null);
INSERT INTO `aworkday` VALUES ('479', '5', '2012-06-30', '2018-11-09 13:56:03', null);
INSERT INTO `aworkday` VALUES ('480', '5', '1983-08-17', '2018-11-09 13:56:03', null);
INSERT INTO `aworkday` VALUES ('481', '5', '2010-04-15', '2018-11-09 13:56:03', null);
INSERT INTO `aworkday` VALUES ('482', '5', '1995-11-01', '2018-11-09 13:56:03', null);
INSERT INTO `aworkday` VALUES ('483', '5', '2010-06-29', '2018-11-09 13:56:03', null);
INSERT INTO `aworkday` VALUES ('484', '5', '2009-05-18', '2018-11-09 13:56:03', null);
INSERT INTO `aworkday` VALUES ('485', '5', '1970-06-08', '2018-11-09 13:56:03', null);
INSERT INTO `aworkday` VALUES ('486', '5', '2006-01-20', '2018-11-09 13:56:03', null);
INSERT INTO `aworkday` VALUES ('487', '5', '1983-02-06', '2018-11-09 13:56:03', null);
INSERT INTO `aworkday` VALUES ('488', '5', '1985-07-21', '2018-11-09 13:56:03', null);
INSERT INTO `aworkday` VALUES ('489', '5', '1983-04-02', '2018-11-09 13:56:03', null);
INSERT INTO `aworkday` VALUES ('490', '5', '1981-03-10', '2018-11-09 13:56:03', null);
INSERT INTO `aworkday` VALUES ('491', '5', '2007-04-18', '2018-11-09 13:56:03', null);
INSERT INTO `aworkday` VALUES ('492', '5', '2010-07-27', '2018-11-09 13:56:03', null);
INSERT INTO `aworkday` VALUES ('493', '5', '2010-09-24', '2018-11-09 13:56:03', null);
INSERT INTO `aworkday` VALUES ('494', '5', '1993-07-19', '2018-11-09 13:56:03', null);
INSERT INTO `aworkday` VALUES ('495', '5', '1977-11-17', '2018-11-09 13:56:03', null);
INSERT INTO `aworkday` VALUES ('496', '5', '1992-10-06', '2018-11-09 13:56:03', null);
INSERT INTO `aworkday` VALUES ('497', '5', '1977-05-05', '2018-11-09 13:56:03', null);
INSERT INTO `aworkday` VALUES ('498', '5', '1995-06-11', '2018-11-09 13:56:04', null);
INSERT INTO `aworkday` VALUES ('499', '5', '2017-12-20', '2018-11-09 13:56:04', null);
INSERT INTO `aworkday` VALUES ('500', '5', '1986-09-24', '2018-11-09 13:56:04', null);
INSERT INTO `aworkday` VALUES ('501', '6', '1981-11-04', '2018-11-09 13:56:04', null);
INSERT INTO `aworkday` VALUES ('502', '6', '1979-05-05', '2018-11-09 13:56:04', null);
INSERT INTO `aworkday` VALUES ('503', '6', '1986-12-31', '2018-11-09 13:56:04', null);
INSERT INTO `aworkday` VALUES ('504', '6', '2014-11-02', '2018-11-09 13:56:04', null);
INSERT INTO `aworkday` VALUES ('505', '6', '1987-01-24', '2018-11-09 13:56:04', null);
INSERT INTO `aworkday` VALUES ('506', '6', '1990-02-23', '2018-11-09 13:56:04', null);
INSERT INTO `aworkday` VALUES ('507', '6', '1992-02-20', '2018-11-09 13:56:04', null);
INSERT INTO `aworkday` VALUES ('508', '6', '2011-11-25', '2018-11-09 13:56:04', null);
INSERT INTO `aworkday` VALUES ('509', '6', '1976-07-14', '2018-11-09 13:56:04', null);
INSERT INTO `aworkday` VALUES ('510', '6', '1999-01-12', '2018-11-09 13:56:04', null);
INSERT INTO `aworkday` VALUES ('511', '6', '1998-03-15', '2018-11-09 13:56:04', null);
INSERT INTO `aworkday` VALUES ('512', '6', '2018-04-04', '2018-11-09 13:56:04', null);
INSERT INTO `aworkday` VALUES ('513', '6', '1995-08-01', '2018-11-09 13:56:04', null);
INSERT INTO `aworkday` VALUES ('514', '6', '1971-03-23', '2018-11-09 13:56:04', null);
INSERT INTO `aworkday` VALUES ('515', '6', '1997-12-13', '2018-11-09 13:56:04', null);
INSERT INTO `aworkday` VALUES ('516', '6', '1972-03-19', '2018-11-09 13:56:04', null);
INSERT INTO `aworkday` VALUES ('517', '6', '1981-02-17', '2018-11-09 13:56:04', null);
INSERT INTO `aworkday` VALUES ('518', '6', '1985-01-24', '2018-11-09 13:56:04', null);
INSERT INTO `aworkday` VALUES ('519', '6', '1996-10-19', '2018-11-09 13:56:04', null);
INSERT INTO `aworkday` VALUES ('520', '6', '2014-04-16', '2018-11-09 13:56:04', null);
INSERT INTO `aworkday` VALUES ('521', '6', '2018-10-23', '2018-11-09 13:56:04', null);
INSERT INTO `aworkday` VALUES ('522', '6', '2016-10-22', '2018-11-09 13:56:04', null);
INSERT INTO `aworkday` VALUES ('523', '6', '2006-03-17', '2018-11-09 13:56:04', null);
INSERT INTO `aworkday` VALUES ('524', '6', '1979-05-08', '2018-11-09 13:56:04', null);
INSERT INTO `aworkday` VALUES ('525', '6', '2015-04-18', '2018-11-09 13:56:04', null);
INSERT INTO `aworkday` VALUES ('526', '6', '1975-01-18', '2018-11-09 13:56:04', null);
INSERT INTO `aworkday` VALUES ('527', '6', '2016-10-11', '2018-11-09 13:56:04', null);
INSERT INTO `aworkday` VALUES ('528', '6', '2012-04-11', '2018-11-09 13:56:05', null);
INSERT INTO `aworkday` VALUES ('529', '6', '1984-01-06', '2018-11-09 13:56:05', null);
INSERT INTO `aworkday` VALUES ('530', '6', '2004-01-04', '2018-11-09 13:56:05', null);
INSERT INTO `aworkday` VALUES ('531', '6', '1985-05-12', '2018-11-09 13:56:05', null);
INSERT INTO `aworkday` VALUES ('532', '6', '1985-11-01', '2018-11-09 13:56:05', null);
INSERT INTO `aworkday` VALUES ('533', '6', '1985-07-10', '2018-11-09 13:56:05', null);
INSERT INTO `aworkday` VALUES ('534', '6', '1999-12-02', '2018-11-09 13:56:05', null);
INSERT INTO `aworkday` VALUES ('535', '6', '2008-09-07', '2018-11-09 13:56:05', null);
INSERT INTO `aworkday` VALUES ('536', '6', '2010-06-05', '2018-11-09 13:56:05', null);
INSERT INTO `aworkday` VALUES ('537', '6', '1998-08-26', '2018-11-09 13:56:05', null);
INSERT INTO `aworkday` VALUES ('538', '6', '1980-01-13', '2018-11-09 13:56:05', null);
INSERT INTO `aworkday` VALUES ('539', '6', '1974-10-16', '2018-11-09 13:56:05', null);
INSERT INTO `aworkday` VALUES ('540', '6', '1975-12-06', '2018-11-09 13:56:05', null);
INSERT INTO `aworkday` VALUES ('541', '6', '1981-06-05', '2018-11-09 13:56:05', null);
INSERT INTO `aworkday` VALUES ('542', '6', '1988-06-06', '2018-11-09 13:56:05', null);
INSERT INTO `aworkday` VALUES ('543', '6', '1997-12-05', '2018-11-09 13:56:05', null);
INSERT INTO `aworkday` VALUES ('544', '6', '2009-05-27', '2018-11-09 13:56:05', null);
INSERT INTO `aworkday` VALUES ('545', '6', '2010-01-07', '2018-11-09 13:56:05', null);
INSERT INTO `aworkday` VALUES ('546', '6', '2004-01-21', '2018-11-09 13:56:05', null);
INSERT INTO `aworkday` VALUES ('547', '6', '2010-11-19', '2018-11-09 13:56:05', null);
INSERT INTO `aworkday` VALUES ('548', '6', '1976-11-03', '2018-11-09 13:56:05', null);
INSERT INTO `aworkday` VALUES ('549', '6', '2006-05-25', '2018-11-09 13:56:05', null);
INSERT INTO `aworkday` VALUES ('550', '6', '1985-07-22', '2018-11-09 13:56:05', null);
INSERT INTO `aworkday` VALUES ('551', '6', '1973-12-23', '2018-11-09 13:56:05', null);
INSERT INTO `aworkday` VALUES ('552', '6', '2018-09-19', '2018-11-09 13:56:05', null);
INSERT INTO `aworkday` VALUES ('553', '6', '1990-02-05', '2018-11-09 13:56:05', null);
INSERT INTO `aworkday` VALUES ('554', '6', '1995-01-31', '2018-11-09 13:56:05', null);
INSERT INTO `aworkday` VALUES ('555', '6', '1977-03-03', '2018-11-09 13:56:05', null);
INSERT INTO `aworkday` VALUES ('556', '6', '1992-05-07', '2018-11-09 13:56:05', null);
INSERT INTO `aworkday` VALUES ('557', '6', '1971-08-31', '2018-11-09 13:56:05', null);
INSERT INTO `aworkday` VALUES ('558', '6', '1972-02-04', '2018-11-09 13:56:06', null);
INSERT INTO `aworkday` VALUES ('559', '6', '2013-08-24', '2018-11-09 13:56:06', null);
INSERT INTO `aworkday` VALUES ('560', '6', '1985-10-11', '2018-11-09 13:56:06', null);
INSERT INTO `aworkday` VALUES ('561', '6', '2015-05-15', '2018-11-09 13:56:06', null);
INSERT INTO `aworkday` VALUES ('562', '6', '2011-06-21', '2018-11-09 13:56:06', null);
INSERT INTO `aworkday` VALUES ('563', '6', '1985-11-15', '2018-11-09 13:56:06', null);
INSERT INTO `aworkday` VALUES ('564', '6', '1987-01-06', '2018-11-09 13:56:06', null);
INSERT INTO `aworkday` VALUES ('565', '6', '1988-02-16', '2018-11-09 13:56:06', null);
INSERT INTO `aworkday` VALUES ('566', '6', '1997-05-28', '2018-11-09 13:56:06', null);
INSERT INTO `aworkday` VALUES ('567', '6', '1993-06-26', '2018-11-09 13:56:06', null);
INSERT INTO `aworkday` VALUES ('568', '6', '2013-09-15', '2018-11-09 13:56:06', null);
INSERT INTO `aworkday` VALUES ('569', '6', '1983-09-23', '2018-11-09 13:56:06', null);
INSERT INTO `aworkday` VALUES ('570', '6', '1972-07-16', '2018-11-09 13:56:06', null);
INSERT INTO `aworkday` VALUES ('571', '6', '2013-04-24', '2018-11-09 13:56:06', null);
INSERT INTO `aworkday` VALUES ('572', '6', '2010-01-29', '2018-11-09 13:56:06', null);
INSERT INTO `aworkday` VALUES ('573', '6', '1982-12-07', '2018-11-09 13:56:06', null);
INSERT INTO `aworkday` VALUES ('574', '6', '1972-12-04', '2018-11-09 13:56:06', null);
INSERT INTO `aworkday` VALUES ('575', '6', '2004-09-27', '2018-11-09 13:56:06', null);
INSERT INTO `aworkday` VALUES ('576', '6', '1980-12-01', '2018-11-09 13:56:06', null);
INSERT INTO `aworkday` VALUES ('577', '6', '1992-08-30', '2018-11-09 13:56:06', null);
INSERT INTO `aworkday` VALUES ('578', '6', '2014-01-12', '2018-11-09 13:56:06', null);
INSERT INTO `aworkday` VALUES ('579', '6', '1991-06-04', '2018-11-09 13:56:06', null);
INSERT INTO `aworkday` VALUES ('580', '6', '1988-07-02', '2018-11-09 13:56:06', null);
INSERT INTO `aworkday` VALUES ('581', '6', '1977-01-10', '2018-11-09 13:56:06', null);
INSERT INTO `aworkday` VALUES ('582', '6', '1970-12-24', '2018-11-09 13:56:06', null);
INSERT INTO `aworkday` VALUES ('583', '6', '2013-11-09', '2018-11-09 13:56:06', null);
INSERT INTO `aworkday` VALUES ('584', '6', '2002-12-27', '2018-11-09 13:56:06', null);
INSERT INTO `aworkday` VALUES ('585', '6', '1973-10-12', '2018-11-09 13:56:06', null);
INSERT INTO `aworkday` VALUES ('586', '6', '1976-10-27', '2018-11-09 13:56:06', null);
INSERT INTO `aworkday` VALUES ('587', '6', '1971-10-27', '2018-11-09 13:56:06', null);
INSERT INTO `aworkday` VALUES ('588', '6', '1989-04-06', '2018-11-09 13:56:07', null);
INSERT INTO `aworkday` VALUES ('589', '6', '1978-02-28', '2018-11-09 13:56:07', null);
INSERT INTO `aworkday` VALUES ('590', '6', '2008-04-23', '2018-11-09 13:56:07', null);
INSERT INTO `aworkday` VALUES ('591', '6', '1987-11-25', '2018-11-09 13:56:07', null);
INSERT INTO `aworkday` VALUES ('592', '6', '1993-01-27', '2018-11-09 13:56:07', null);
INSERT INTO `aworkday` VALUES ('593', '6', '2013-08-09', '2018-11-09 13:56:07', null);
INSERT INTO `aworkday` VALUES ('594', '6', '1986-10-14', '2018-11-09 13:56:07', null);
INSERT INTO `aworkday` VALUES ('595', '6', '2007-09-25', '2018-11-09 13:56:07', null);
INSERT INTO `aworkday` VALUES ('596', '6', '1976-12-27', '2018-11-09 13:56:07', null);
INSERT INTO `aworkday` VALUES ('597', '6', '2017-09-02', '2018-11-09 13:56:07', null);
INSERT INTO `aworkday` VALUES ('598', '6', '1978-09-27', '2018-11-09 13:56:07', null);
INSERT INTO `aworkday` VALUES ('599', '6', '1980-04-28', '2018-11-09 13:56:07', null);
INSERT INTO `aworkday` VALUES ('600', '6', '1985-09-27', '2018-11-09 13:56:07', null);
INSERT INTO `aworkday` VALUES ('601', '7', '1975-10-22', '2018-11-09 13:56:07', null);
INSERT INTO `aworkday` VALUES ('602', '7', '2018-03-04', '2018-11-09 13:56:07', null);
INSERT INTO `aworkday` VALUES ('603', '7', '1975-10-30', '2018-11-09 13:56:07', null);
INSERT INTO `aworkday` VALUES ('604', '7', '1991-06-20', '2018-11-09 13:56:07', null);
INSERT INTO `aworkday` VALUES ('605', '7', '2012-12-21', '2018-11-09 13:56:07', null);
INSERT INTO `aworkday` VALUES ('606', '7', '2012-11-07', '2018-11-09 13:56:07', null);
INSERT INTO `aworkday` VALUES ('607', '7', '2007-12-04', '2018-11-09 13:56:07', null);
INSERT INTO `aworkday` VALUES ('608', '7', '2014-12-21', '2018-11-09 13:56:07', null);
INSERT INTO `aworkday` VALUES ('609', '7', '2016-03-13', '2018-11-09 13:56:07', null);
INSERT INTO `aworkday` VALUES ('610', '7', '1991-07-08', '2018-11-09 13:56:07', null);
INSERT INTO `aworkday` VALUES ('611', '7', '1988-03-02', '2018-11-09 13:56:07', null);
INSERT INTO `aworkday` VALUES ('612', '7', '1971-05-29', '2018-11-09 13:56:07', null);
INSERT INTO `aworkday` VALUES ('613', '7', '1982-03-23', '2018-11-09 13:56:07', null);
INSERT INTO `aworkday` VALUES ('614', '7', '1982-01-24', '2018-11-09 13:56:07', null);
INSERT INTO `aworkday` VALUES ('615', '7', '2011-11-26', '2018-11-09 13:56:07', null);
INSERT INTO `aworkday` VALUES ('616', '7', '2014-07-27', '2018-11-09 13:56:07', null);
INSERT INTO `aworkday` VALUES ('617', '7', '2002-10-22', '2018-11-09 13:56:07', null);
INSERT INTO `aworkday` VALUES ('618', '7', '1988-04-10', '2018-11-09 13:56:08', null);
INSERT INTO `aworkday` VALUES ('619', '7', '1978-01-31', '2018-11-09 13:56:08', null);
INSERT INTO `aworkday` VALUES ('620', '7', '1988-04-07', '2018-11-09 13:56:08', null);
INSERT INTO `aworkday` VALUES ('621', '7', '2014-04-04', '2018-11-09 13:56:08', null);
INSERT INTO `aworkday` VALUES ('622', '7', '1974-12-05', '2018-11-09 13:56:08', null);
INSERT INTO `aworkday` VALUES ('623', '7', '1993-02-07', '2018-11-09 13:56:08', null);
INSERT INTO `aworkday` VALUES ('624', '7', '1987-03-20', '2018-11-09 13:56:08', null);
INSERT INTO `aworkday` VALUES ('625', '7', '2014-11-16', '2018-11-09 13:56:08', null);
INSERT INTO `aworkday` VALUES ('626', '7', '2011-04-07', '2018-11-09 13:56:08', null);
INSERT INTO `aworkday` VALUES ('627', '7', '1993-07-13', '2018-11-09 13:56:08', null);
INSERT INTO `aworkday` VALUES ('628', '7', '1989-11-11', '2018-11-09 13:56:08', null);
INSERT INTO `aworkday` VALUES ('629', '7', '2002-09-26', '2018-11-09 13:56:08', null);
INSERT INTO `aworkday` VALUES ('630', '7', '1996-04-11', '2018-11-09 13:56:08', null);
INSERT INTO `aworkday` VALUES ('631', '7', '1973-08-20', '2018-11-09 13:56:08', null);
INSERT INTO `aworkday` VALUES ('632', '7', '2017-06-11', '2018-11-09 13:56:08', null);
INSERT INTO `aworkday` VALUES ('633', '7', '1982-08-10', '2018-11-09 13:56:08', null);
INSERT INTO `aworkday` VALUES ('634', '7', '1991-02-25', '2018-11-09 13:56:08', null);
INSERT INTO `aworkday` VALUES ('635', '7', '2007-09-16', '2018-11-09 13:56:08', null);
INSERT INTO `aworkday` VALUES ('636', '7', '1972-05-11', '2018-11-09 13:56:08', null);
INSERT INTO `aworkday` VALUES ('637', '7', '1994-01-06', '2018-11-09 13:56:08', null);
INSERT INTO `aworkday` VALUES ('638', '7', '2013-05-15', '2018-11-09 13:56:08', null);
INSERT INTO `aworkday` VALUES ('639', '7', '2018-07-22', '2018-11-09 13:56:08', null);
INSERT INTO `aworkday` VALUES ('640', '7', '1983-09-14', '2018-11-09 13:56:08', null);
INSERT INTO `aworkday` VALUES ('641', '7', '2002-04-28', '2018-11-09 13:56:08', null);
INSERT INTO `aworkday` VALUES ('642', '7', '1991-09-22', '2018-11-09 13:56:08', null);
INSERT INTO `aworkday` VALUES ('643', '7', '1983-06-24', '2018-11-09 13:56:08', null);
INSERT INTO `aworkday` VALUES ('644', '7', '2015-02-26', '2018-11-09 13:56:08', null);
INSERT INTO `aworkday` VALUES ('645', '7', '2007-06-19', '2018-11-09 13:56:08', null);
INSERT INTO `aworkday` VALUES ('646', '7', '1975-02-12', '2018-11-09 13:56:08', null);
INSERT INTO `aworkday` VALUES ('647', '7', '1988-04-17', '2018-11-09 13:56:09', null);
INSERT INTO `aworkday` VALUES ('648', '7', '2013-04-30', '2018-11-09 13:56:09', null);
INSERT INTO `aworkday` VALUES ('649', '7', '1985-07-17', '2018-11-09 13:56:09', null);
INSERT INTO `aworkday` VALUES ('650', '7', '1977-09-06', '2018-11-09 13:56:09', null);
INSERT INTO `aworkday` VALUES ('651', '7', '1972-09-25', '2018-11-09 13:56:09', null);
INSERT INTO `aworkday` VALUES ('652', '7', '2013-09-25', '2018-11-09 13:56:09', null);
INSERT INTO `aworkday` VALUES ('653', '7', '2006-07-06', '2018-11-09 13:56:09', null);
INSERT INTO `aworkday` VALUES ('654', '7', '1994-10-31', '2018-11-09 13:56:09', null);
INSERT INTO `aworkday` VALUES ('655', '7', '1973-05-23', '2018-11-09 13:56:09', null);
INSERT INTO `aworkday` VALUES ('656', '7', '1975-08-10', '2018-11-09 13:56:09', null);
INSERT INTO `aworkday` VALUES ('657', '7', '1976-06-17', '2018-11-09 13:56:09', null);
INSERT INTO `aworkday` VALUES ('658', '7', '1996-12-07', '2018-11-09 13:56:09', null);
INSERT INTO `aworkday` VALUES ('659', '7', '2014-02-26', '2018-11-09 13:56:09', null);
INSERT INTO `aworkday` VALUES ('660', '7', '2011-02-16', '2018-11-09 13:56:09', null);
INSERT INTO `aworkday` VALUES ('661', '7', '1977-07-18', '2018-11-09 13:56:09', null);
INSERT INTO `aworkday` VALUES ('662', '7', '1970-03-22', '2018-11-09 13:56:09', null);
INSERT INTO `aworkday` VALUES ('663', '7', '1974-09-30', '2018-11-09 13:56:09', null);
INSERT INTO `aworkday` VALUES ('664', '7', '1983-06-23', '2018-11-09 13:56:09', null);
INSERT INTO `aworkday` VALUES ('665', '7', '1997-02-06', '2018-11-09 13:56:09', null);
INSERT INTO `aworkday` VALUES ('666', '7', '1971-05-30', '2018-11-09 13:56:09', null);
INSERT INTO `aworkday` VALUES ('667', '7', '1980-12-29', '2018-11-09 13:56:09', null);
INSERT INTO `aworkday` VALUES ('668', '7', '1972-03-31', '2018-11-09 13:56:09', null);
INSERT INTO `aworkday` VALUES ('669', '7', '1989-04-22', '2018-11-09 13:56:09', null);
INSERT INTO `aworkday` VALUES ('670', '7', '1989-12-22', '2018-11-09 13:56:09', null);
INSERT INTO `aworkday` VALUES ('671', '7', '1982-07-22', '2018-11-09 13:56:09', null);
INSERT INTO `aworkday` VALUES ('672', '7', '2000-12-12', '2018-11-09 13:56:09', null);
INSERT INTO `aworkday` VALUES ('673', '7', '2006-12-16', '2018-11-09 13:56:09', null);
INSERT INTO `aworkday` VALUES ('674', '7', '2010-11-26', '2018-11-09 13:56:10', null);
INSERT INTO `aworkday` VALUES ('675', '7', '2016-03-11', '2018-11-09 13:56:10', null);
INSERT INTO `aworkday` VALUES ('676', '7', '2002-11-24', '2018-11-09 13:56:10', null);
INSERT INTO `aworkday` VALUES ('677', '7', '2007-01-04', '2018-11-09 13:56:10', null);
INSERT INTO `aworkday` VALUES ('678', '7', '2004-03-07', '2018-11-09 13:56:10', null);
INSERT INTO `aworkday` VALUES ('679', '7', '2011-10-23', '2018-11-09 13:56:10', null);
INSERT INTO `aworkday` VALUES ('680', '7', '1996-06-20', '2018-11-09 13:56:10', null);
INSERT INTO `aworkday` VALUES ('681', '7', '2010-10-05', '2018-11-09 13:56:10', null);
INSERT INTO `aworkday` VALUES ('682', '7', '1983-11-25', '2018-11-09 13:56:10', null);
INSERT INTO `aworkday` VALUES ('683', '7', '2012-02-26', '2018-11-09 13:56:10', null);
INSERT INTO `aworkday` VALUES ('684', '7', '1988-12-01', '2018-11-09 13:56:10', null);
INSERT INTO `aworkday` VALUES ('685', '7', '1986-11-22', '2018-11-09 13:56:10', null);
INSERT INTO `aworkday` VALUES ('686', '7', '2004-09-14', '2018-11-09 13:56:10', null);
INSERT INTO `aworkday` VALUES ('687', '7', '1971-08-12', '2018-11-09 13:56:10', null);
INSERT INTO `aworkday` VALUES ('688', '7', '2008-07-17', '2018-11-09 13:56:10', null);
INSERT INTO `aworkday` VALUES ('689', '7', '1981-12-15', '2018-11-09 13:56:10', null);
INSERT INTO `aworkday` VALUES ('690', '7', '1993-01-28', '2018-11-09 13:56:10', null);
INSERT INTO `aworkday` VALUES ('691', '7', '1985-03-19', '2018-11-09 13:56:10', null);
INSERT INTO `aworkday` VALUES ('692', '7', '2013-09-19', '2018-11-09 13:56:10', null);
INSERT INTO `aworkday` VALUES ('693', '7', '2017-05-22', '2018-11-09 13:56:10', null);
INSERT INTO `aworkday` VALUES ('694', '7', '2012-06-18', '2018-11-09 13:56:10', null);
INSERT INTO `aworkday` VALUES ('695', '7', '1973-10-24', '2018-11-09 13:56:10', null);
INSERT INTO `aworkday` VALUES ('696', '7', '2007-10-09', '2018-11-09 13:56:10', null);
INSERT INTO `aworkday` VALUES ('697', '7', '2004-12-03', '2018-11-09 13:56:10', null);
INSERT INTO `aworkday` VALUES ('698', '7', '1974-01-05', '2018-11-09 13:56:10', null);
INSERT INTO `aworkday` VALUES ('699', '7', '2016-06-27', '2018-11-09 13:56:10', null);
INSERT INTO `aworkday` VALUES ('700', '7', '1982-11-07', '2018-11-09 13:56:10', null);
INSERT INTO `aworkday` VALUES ('701', '8', '1972-12-09', '2018-11-09 13:56:10', null);
INSERT INTO `aworkday` VALUES ('702', '8', '1999-08-27', '2018-11-09 13:56:10', null);
INSERT INTO `aworkday` VALUES ('703', '8', '2018-09-02', '2018-11-09 13:56:11', null);
INSERT INTO `aworkday` VALUES ('704', '8', '1978-10-11', '2018-11-09 13:56:11', null);
INSERT INTO `aworkday` VALUES ('705', '8', '2016-11-18', '2018-11-09 13:56:11', null);
INSERT INTO `aworkday` VALUES ('706', '8', '1983-05-30', '2018-11-09 13:56:11', null);
INSERT INTO `aworkday` VALUES ('707', '8', '1986-09-29', '2018-11-09 13:56:11', null);
INSERT INTO `aworkday` VALUES ('708', '8', '2011-03-13', '2018-11-09 13:56:11', null);
INSERT INTO `aworkday` VALUES ('709', '8', '1998-08-29', '2018-11-09 13:56:11', null);
INSERT INTO `aworkday` VALUES ('710', '8', '1974-04-11', '2018-11-09 13:56:11', null);
INSERT INTO `aworkday` VALUES ('711', '8', '1974-08-24', '2018-11-09 13:56:11', null);
INSERT INTO `aworkday` VALUES ('712', '8', '1989-08-20', '2018-11-09 13:56:11', null);
INSERT INTO `aworkday` VALUES ('713', '8', '1976-06-04', '2018-11-09 13:56:11', null);
INSERT INTO `aworkday` VALUES ('714', '8', '1986-04-01', '2018-11-09 13:56:11', null);
INSERT INTO `aworkday` VALUES ('715', '8', '2010-11-07', '2018-11-09 13:56:11', null);
INSERT INTO `aworkday` VALUES ('716', '8', '1970-10-13', '2018-11-09 13:56:11', null);
INSERT INTO `aworkday` VALUES ('717', '8', '1976-04-05', '2018-11-09 13:56:11', null);
INSERT INTO `aworkday` VALUES ('718', '8', '2003-12-22', '2018-11-09 13:56:11', null);
INSERT INTO `aworkday` VALUES ('719', '8', '1979-08-13', '2018-11-09 13:56:11', null);
INSERT INTO `aworkday` VALUES ('720', '8', '1995-10-29', '2018-11-09 13:56:11', null);
INSERT INTO `aworkday` VALUES ('721', '8', '2006-09-04', '2018-11-09 13:56:11', null);
INSERT INTO `aworkday` VALUES ('722', '8', '2012-01-18', '2018-11-09 13:56:11', null);
INSERT INTO `aworkday` VALUES ('723', '8', '1994-11-11', '2018-11-09 13:56:11', null);
INSERT INTO `aworkday` VALUES ('724', '8', '2013-08-25', '2018-11-09 13:56:11', null);
INSERT INTO `aworkday` VALUES ('725', '8', '1997-12-19', '2018-11-09 13:56:11', null);
INSERT INTO `aworkday` VALUES ('726', '8', '2007-01-16', '2018-11-09 13:56:11', null);
INSERT INTO `aworkday` VALUES ('727', '8', '1974-10-31', '2018-11-09 13:56:11', null);
INSERT INTO `aworkday` VALUES ('728', '8', '1980-02-21', '2018-11-09 13:56:11', null);
INSERT INTO `aworkday` VALUES ('729', '8', '1971-11-07', '2018-11-09 13:56:11', null);
INSERT INTO `aworkday` VALUES ('730', '8', '1996-03-03', '2018-11-09 13:56:11', null);
INSERT INTO `aworkday` VALUES ('731', '8', '2000-01-07', '2018-11-09 13:56:11', null);
INSERT INTO `aworkday` VALUES ('732', '8', '1971-09-08', '2018-11-09 13:56:11', null);
INSERT INTO `aworkday` VALUES ('733', '8', '1977-03-18', '2018-11-09 13:56:12', null);
INSERT INTO `aworkday` VALUES ('734', '8', '2014-10-12', '2018-11-09 13:56:12', null);
INSERT INTO `aworkday` VALUES ('735', '8', '1986-07-23', '2018-11-09 13:56:12', null);
INSERT INTO `aworkday` VALUES ('736', '8', '2014-11-15', '2018-11-09 13:56:12', null);
INSERT INTO `aworkday` VALUES ('737', '8', '1987-08-15', '2018-11-09 13:56:12', null);
INSERT INTO `aworkday` VALUES ('738', '8', '1982-06-25', '2018-11-09 13:56:12', null);
INSERT INTO `aworkday` VALUES ('739', '8', '1984-09-04', '2018-11-09 13:56:12', null);
INSERT INTO `aworkday` VALUES ('740', '8', '2001-09-28', '2018-11-09 13:56:12', null);
INSERT INTO `aworkday` VALUES ('741', '8', '1979-12-18', '2018-11-09 13:56:12', null);
INSERT INTO `aworkday` VALUES ('742', '8', '1986-03-31', '2018-11-09 13:56:12', null);
INSERT INTO `aworkday` VALUES ('743', '8', '2016-04-22', '2018-11-09 13:56:12', null);
INSERT INTO `aworkday` VALUES ('744', '8', '1979-03-28', '2018-11-09 13:56:12', null);
INSERT INTO `aworkday` VALUES ('745', '8', '1986-12-01', '2018-11-09 13:56:12', null);
INSERT INTO `aworkday` VALUES ('746', '8', '2005-01-29', '2018-11-09 13:56:12', null);
INSERT INTO `aworkday` VALUES ('747', '8', '2008-03-18', '2018-11-09 13:56:12', null);
INSERT INTO `aworkday` VALUES ('748', '8', '2003-01-08', '2018-11-09 13:56:12', null);
INSERT INTO `aworkday` VALUES ('749', '8', '1996-04-04', '2018-11-09 13:56:12', null);
INSERT INTO `aworkday` VALUES ('750', '8', '1984-09-13', '2018-11-09 13:56:12', null);
INSERT INTO `aworkday` VALUES ('751', '8', '2016-03-16', '2018-11-09 13:56:12', null);
INSERT INTO `aworkday` VALUES ('752', '8', '1995-11-16', '2018-11-09 13:56:12', null);
INSERT INTO `aworkday` VALUES ('753', '8', '2015-07-19', '2018-11-09 13:56:12', null);
INSERT INTO `aworkday` VALUES ('754', '8', '2018-07-16', '2018-11-09 13:56:12', null);
INSERT INTO `aworkday` VALUES ('755', '8', '1994-03-06', '2018-11-09 13:56:12', null);
INSERT INTO `aworkday` VALUES ('756', '8', '2008-05-05', '2018-11-09 13:56:12', null);
INSERT INTO `aworkday` VALUES ('757', '8', '1981-06-05', '2018-11-09 13:56:12', null);
INSERT INTO `aworkday` VALUES ('758', '8', '1972-11-16', '2018-11-09 13:56:12', null);
INSERT INTO `aworkday` VALUES ('759', '8', '1989-11-13', '2018-11-09 13:56:12', null);
INSERT INTO `aworkday` VALUES ('760', '8', '1972-05-19', '2018-11-09 13:56:12', null);
INSERT INTO `aworkday` VALUES ('761', '8', '1972-04-22', '2018-11-09 13:56:12', null);
INSERT INTO `aworkday` VALUES ('762', '8', '2002-07-11', '2018-11-09 13:56:12', null);
INSERT INTO `aworkday` VALUES ('763', '8', '1983-01-12', '2018-11-09 13:56:13', null);
INSERT INTO `aworkday` VALUES ('764', '8', '1980-04-26', '2018-11-09 13:56:13', null);
INSERT INTO `aworkday` VALUES ('765', '8', '1998-05-29', '2018-11-09 13:56:13', null);
INSERT INTO `aworkday` VALUES ('766', '8', '1973-02-20', '2018-11-09 13:56:13', null);
INSERT INTO `aworkday` VALUES ('767', '8', '1972-06-07', '2018-11-09 13:56:13', null);
INSERT INTO `aworkday` VALUES ('768', '8', '1975-03-21', '2018-11-09 13:56:13', null);
INSERT INTO `aworkday` VALUES ('769', '8', '2017-08-11', '2018-11-09 13:56:13', null);
INSERT INTO `aworkday` VALUES ('770', '8', '2004-08-23', '2018-11-09 13:56:13', null);
INSERT INTO `aworkday` VALUES ('771', '8', '1996-05-10', '2018-11-09 13:56:13', null);
INSERT INTO `aworkday` VALUES ('772', '8', '1973-11-20', '2018-11-09 13:56:13', null);
INSERT INTO `aworkday` VALUES ('773', '8', '1995-07-15', '2018-11-09 13:56:13', null);
INSERT INTO `aworkday` VALUES ('774', '8', '2009-05-14', '2018-11-09 13:56:13', null);
INSERT INTO `aworkday` VALUES ('775', '8', '2004-01-07', '2018-11-09 13:56:13', null);
INSERT INTO `aworkday` VALUES ('776', '8', '2005-09-17', '2018-11-09 13:56:13', null);
INSERT INTO `aworkday` VALUES ('777', '8', '1985-02-27', '2018-11-09 13:56:13', null);
INSERT INTO `aworkday` VALUES ('778', '8', '2000-08-17', '2018-11-09 13:56:13', null);
INSERT INTO `aworkday` VALUES ('779', '8', '1985-02-12', '2018-11-09 13:56:13', null);
INSERT INTO `aworkday` VALUES ('780', '8', '2000-12-02', '2018-11-09 13:56:13', null);
INSERT INTO `aworkday` VALUES ('781', '8', '1980-07-10', '2018-11-09 13:56:13', null);
INSERT INTO `aworkday` VALUES ('782', '8', '2005-06-27', '2018-11-09 13:56:13', null);
INSERT INTO `aworkday` VALUES ('783', '8', '2013-06-25', '2018-11-09 13:56:13', null);
INSERT INTO `aworkday` VALUES ('784', '8', '1995-02-02', '2018-11-09 13:56:13', null);
INSERT INTO `aworkday` VALUES ('785', '8', '1996-12-01', '2018-11-09 13:56:13', null);
INSERT INTO `aworkday` VALUES ('786', '8', '2017-12-08', '2018-11-09 13:56:13', null);
INSERT INTO `aworkday` VALUES ('787', '8', '2010-05-18', '2018-11-09 13:56:13', null);
INSERT INTO `aworkday` VALUES ('788', '8', '2010-11-17', '2018-11-09 13:56:13', null);
INSERT INTO `aworkday` VALUES ('789', '8', '1989-01-21', '2018-11-09 13:56:13', null);
INSERT INTO `aworkday` VALUES ('790', '8', '1998-08-10', '2018-11-09 13:56:14', null);
INSERT INTO `aworkday` VALUES ('791', '8', '1976-11-13', '2018-11-09 13:56:14', null);
INSERT INTO `aworkday` VALUES ('792', '8', '2001-01-17', '2018-11-09 13:56:14', null);
INSERT INTO `aworkday` VALUES ('793', '8', '1996-09-08', '2018-11-09 13:56:14', null);
INSERT INTO `aworkday` VALUES ('794', '8', '2018-08-24', '2018-11-09 13:56:14', null);
INSERT INTO `aworkday` VALUES ('795', '8', '2013-06-17', '2018-11-09 13:56:14', null);
INSERT INTO `aworkday` VALUES ('796', '8', '2015-05-09', '2018-11-09 13:56:14', null);
INSERT INTO `aworkday` VALUES ('797', '8', '1979-09-21', '2018-11-09 13:56:14', null);
INSERT INTO `aworkday` VALUES ('798', '8', '2004-07-04', '2018-11-09 13:56:14', null);
INSERT INTO `aworkday` VALUES ('799', '8', '1987-10-08', '2018-11-09 13:56:14', null);
INSERT INTO `aworkday` VALUES ('800', '8', '1982-09-09', '2018-11-09 13:56:14', null);
INSERT INTO `aworkday` VALUES ('801', '9', '1996-12-03', '2018-11-09 13:56:14', null);
INSERT INTO `aworkday` VALUES ('802', '9', '1989-12-10', '2018-11-09 13:56:14', null);
INSERT INTO `aworkday` VALUES ('803', '9', '1989-09-08', '2018-11-09 13:56:14', null);
INSERT INTO `aworkday` VALUES ('804', '9', '1984-12-19', '2018-11-09 13:56:14', null);
INSERT INTO `aworkday` VALUES ('805', '9', '1978-11-27', '2018-11-09 13:56:14', null);
INSERT INTO `aworkday` VALUES ('806', '9', '1986-06-25', '2018-11-09 13:56:14', null);
INSERT INTO `aworkday` VALUES ('807', '9', '1998-11-13', '2018-11-09 13:56:14', null);
INSERT INTO `aworkday` VALUES ('808', '9', '2012-02-12', '2018-11-09 13:56:14', null);
INSERT INTO `aworkday` VALUES ('809', '9', '1977-08-18', '2018-11-09 13:56:14', null);
INSERT INTO `aworkday` VALUES ('810', '9', '1992-01-28', '2018-11-09 13:56:14', null);
INSERT INTO `aworkday` VALUES ('811', '9', '2014-03-22', '2018-11-09 13:56:15', null);
INSERT INTO `aworkday` VALUES ('812', '9', '1998-02-02', '2018-11-09 13:56:15', null);
INSERT INTO `aworkday` VALUES ('813', '9', '2006-04-30', '2018-11-09 13:56:15', null);
INSERT INTO `aworkday` VALUES ('814', '9', '1999-01-16', '2018-11-09 13:56:15', null);
INSERT INTO `aworkday` VALUES ('815', '9', '1975-05-16', '2018-11-09 13:56:15', null);
INSERT INTO `aworkday` VALUES ('816', '9', '1995-07-26', '2018-11-09 13:56:15', null);
INSERT INTO `aworkday` VALUES ('817', '9', '2006-07-02', '2018-11-09 13:56:15', null);
INSERT INTO `aworkday` VALUES ('818', '9', '1994-05-04', '2018-11-09 13:56:15', null);
INSERT INTO `aworkday` VALUES ('819', '9', '1991-07-13', '2018-11-09 13:56:15', null);
INSERT INTO `aworkday` VALUES ('820', '9', '2015-01-04', '2018-11-09 13:56:15', null);
INSERT INTO `aworkday` VALUES ('821', '9', '2011-01-16', '2018-11-09 13:56:15', null);
INSERT INTO `aworkday` VALUES ('822', '9', '1979-09-22', '2018-11-09 13:56:15', null);
INSERT INTO `aworkday` VALUES ('823', '9', '1986-03-06', '2018-11-09 13:56:15', null);
INSERT INTO `aworkday` VALUES ('824', '9', '1996-01-04', '2018-11-09 13:56:15', null);
INSERT INTO `aworkday` VALUES ('825', '9', '1998-09-18', '2018-11-09 13:56:15', null);
INSERT INTO `aworkday` VALUES ('826', '9', '1989-06-30', '2018-11-09 13:56:15', null);
INSERT INTO `aworkday` VALUES ('827', '9', '1988-01-21', '2018-11-09 13:56:15', null);
INSERT INTO `aworkday` VALUES ('828', '9', '2014-11-25', '2018-11-09 13:56:15', null);
INSERT INTO `aworkday` VALUES ('829', '9', '1996-09-26', '2018-11-09 13:56:15', null);
INSERT INTO `aworkday` VALUES ('830', '9', '1980-03-14', '2018-11-09 13:56:15', null);
INSERT INTO `aworkday` VALUES ('831', '9', '1985-04-18', '2018-11-09 13:56:15', null);
INSERT INTO `aworkday` VALUES ('832', '9', '1974-09-04', '2018-11-09 13:56:15', null);
INSERT INTO `aworkday` VALUES ('833', '9', '1991-03-30', '2018-11-09 13:56:15', null);
INSERT INTO `aworkday` VALUES ('834', '9', '1993-06-29', '2018-11-09 13:56:16', null);
INSERT INTO `aworkday` VALUES ('835', '9', '2004-08-10', '2018-11-09 13:56:16', null);
INSERT INTO `aworkday` VALUES ('836', '9', '2011-03-15', '2018-11-09 13:56:16', null);
INSERT INTO `aworkday` VALUES ('837', '9', '1993-07-11', '2018-11-09 13:56:16', null);
INSERT INTO `aworkday` VALUES ('838', '9', '2006-05-10', '2018-11-09 13:56:16', null);
INSERT INTO `aworkday` VALUES ('839', '9', '1971-12-29', '2018-11-09 13:56:16', null);
INSERT INTO `aworkday` VALUES ('840', '9', '2017-05-21', '2018-11-09 13:56:16', null);
INSERT INTO `aworkday` VALUES ('841', '9', '1984-05-08', '2018-11-09 13:56:16', null);
INSERT INTO `aworkday` VALUES ('842', '9', '1972-10-06', '2018-11-09 13:56:16', null);
INSERT INTO `aworkday` VALUES ('843', '9', '1997-03-26', '2018-11-09 13:56:16', null);
INSERT INTO `aworkday` VALUES ('844', '9', '1987-11-29', '2018-11-09 13:56:16', null);
INSERT INTO `aworkday` VALUES ('845', '9', '1976-11-18', '2018-11-09 13:56:16', null);
INSERT INTO `aworkday` VALUES ('846', '9', '1988-10-26', '2018-11-09 13:56:16', null);
INSERT INTO `aworkday` VALUES ('847', '9', '1974-04-11', '2018-11-09 13:56:16', null);
INSERT INTO `aworkday` VALUES ('848', '9', '1984-11-01', '2018-11-09 13:56:16', null);
INSERT INTO `aworkday` VALUES ('849', '9', '2015-11-08', '2018-11-09 13:56:16', null);
INSERT INTO `aworkday` VALUES ('850', '9', '2000-05-03', '2018-11-09 13:56:16', null);
INSERT INTO `aworkday` VALUES ('851', '9', '1988-09-14', '2018-11-09 13:56:16', null);
INSERT INTO `aworkday` VALUES ('852', '9', '2007-04-25', '2018-11-09 13:56:16', null);
INSERT INTO `aworkday` VALUES ('853', '9', '1995-09-18', '2018-11-09 13:56:16', null);
INSERT INTO `aworkday` VALUES ('854', '9', '1971-08-06', '2018-11-09 13:56:17', null);
INSERT INTO `aworkday` VALUES ('855', '9', '1994-03-06', '2018-11-09 13:56:17', null);
INSERT INTO `aworkday` VALUES ('856', '9', '1980-08-09', '2018-11-09 13:56:17', null);
INSERT INTO `aworkday` VALUES ('857', '9', '1997-03-15', '2018-11-09 13:56:17', null);
INSERT INTO `aworkday` VALUES ('858', '9', '2006-04-04', '2018-11-09 13:56:17', null);
INSERT INTO `aworkday` VALUES ('859', '9', '2013-06-13', '2018-11-09 13:56:17', null);
INSERT INTO `aworkday` VALUES ('860', '9', '1975-04-14', '2018-11-09 13:56:17', null);
INSERT INTO `aworkday` VALUES ('861', '9', '2009-09-05', '2018-11-09 13:56:17', null);
INSERT INTO `aworkday` VALUES ('862', '9', '2005-04-18', '2018-11-09 13:56:17', null);
INSERT INTO `aworkday` VALUES ('863', '9', '1983-10-22', '2018-11-09 13:56:17', null);
INSERT INTO `aworkday` VALUES ('864', '9', '2004-09-14', '2018-11-09 13:56:17', null);
INSERT INTO `aworkday` VALUES ('865', '9', '1991-07-05', '2018-11-09 13:56:17', null);
INSERT INTO `aworkday` VALUES ('866', '9', '1975-09-21', '2018-11-09 13:56:17', null);
INSERT INTO `aworkday` VALUES ('867', '9', '1980-06-02', '2018-11-09 13:56:17', null);
INSERT INTO `aworkday` VALUES ('868', '9', '1975-12-28', '2018-11-09 13:56:17', null);
INSERT INTO `aworkday` VALUES ('869', '9', '1983-03-29', '2018-11-09 13:56:17', null);
INSERT INTO `aworkday` VALUES ('870', '9', '1981-06-20', '2018-11-09 13:56:17', null);
INSERT INTO `aworkday` VALUES ('871', '9', '2014-03-07', '2018-11-09 13:56:17', null);
INSERT INTO `aworkday` VALUES ('872', '9', '1970-04-01', '2018-11-09 13:56:17', null);
INSERT INTO `aworkday` VALUES ('873', '9', '1980-12-16', '2018-11-09 13:56:17', null);
INSERT INTO `aworkday` VALUES ('874', '9', '1971-10-19', '2018-11-09 13:56:17', null);
INSERT INTO `aworkday` VALUES ('875', '9', '1988-06-12', '2018-11-09 13:56:17', null);
INSERT INTO `aworkday` VALUES ('876', '9', '1976-05-14', '2018-11-09 13:56:17', null);
INSERT INTO `aworkday` VALUES ('877', '9', '1981-07-03', '2018-11-09 13:56:17', null);
INSERT INTO `aworkday` VALUES ('878', '9', '1993-08-09', '2018-11-09 13:56:17', null);
INSERT INTO `aworkday` VALUES ('879', '9', '1988-06-22', '2018-11-09 13:56:17', null);
INSERT INTO `aworkday` VALUES ('880', '9', '2009-04-18', '2018-11-09 13:56:17', null);
INSERT INTO `aworkday` VALUES ('881', '9', '1994-01-12', '2018-11-09 13:56:17', null);
INSERT INTO `aworkday` VALUES ('882', '9', '1993-09-01', '2018-11-09 13:56:17', null);
INSERT INTO `aworkday` VALUES ('883', '9', '1986-09-22', '2018-11-09 13:56:18', null);
INSERT INTO `aworkday` VALUES ('884', '9', '2016-06-06', '2018-11-09 13:56:18', null);
INSERT INTO `aworkday` VALUES ('885', '9', '1984-02-28', '2018-11-09 13:56:18', null);
INSERT INTO `aworkday` VALUES ('886', '9', '1989-05-25', '2018-11-09 13:56:18', null);
INSERT INTO `aworkday` VALUES ('887', '9', '1997-03-23', '2018-11-09 13:56:18', null);
INSERT INTO `aworkday` VALUES ('888', '9', '1983-04-05', '2018-11-09 13:56:18', null);
INSERT INTO `aworkday` VALUES ('889', '9', '2015-09-24', '2018-11-09 13:56:18', null);
INSERT INTO `aworkday` VALUES ('890', '9', '2002-11-08', '2018-11-09 13:56:18', null);
INSERT INTO `aworkday` VALUES ('891', '9', '1987-06-11', '2018-11-09 13:56:18', null);
INSERT INTO `aworkday` VALUES ('892', '9', '1972-08-30', '2018-11-09 13:56:18', null);
INSERT INTO `aworkday` VALUES ('893', '9', '2014-07-20', '2018-11-09 13:56:18', null);
INSERT INTO `aworkday` VALUES ('894', '9', '1975-09-10', '2018-11-09 13:56:18', null);
INSERT INTO `aworkday` VALUES ('895', '9', '2001-10-05', '2018-11-09 13:56:18', null);
INSERT INTO `aworkday` VALUES ('896', '9', '2018-01-24', '2018-11-09 13:56:18', null);
INSERT INTO `aworkday` VALUES ('897', '9', '2016-12-11', '2018-11-09 13:56:18', null);
INSERT INTO `aworkday` VALUES ('898', '9', '1974-04-26', '2018-11-09 13:56:18', null);
INSERT INTO `aworkday` VALUES ('899', '9', '2001-10-25', '2018-11-09 13:56:18', null);
INSERT INTO `aworkday` VALUES ('900', '9', '1981-07-21', '2018-11-09 13:56:18', null);
INSERT INTO `aworkday` VALUES ('901', '10', '2011-08-05', '2018-11-09 13:56:18', null);
INSERT INTO `aworkday` VALUES ('902', '10', '1984-12-01', '2018-11-09 13:56:18', null);
INSERT INTO `aworkday` VALUES ('903', '10', '1989-10-11', '2018-11-09 13:56:18', null);
INSERT INTO `aworkday` VALUES ('904', '10', '2015-09-16', '2018-11-09 13:56:18', null);
INSERT INTO `aworkday` VALUES ('905', '10', '2002-03-24', '2018-11-09 13:56:18', null);
INSERT INTO `aworkday` VALUES ('906', '10', '2006-04-07', '2018-11-09 13:56:18', null);
INSERT INTO `aworkday` VALUES ('907', '10', '2002-05-29', '2018-11-09 13:56:18', null);
INSERT INTO `aworkday` VALUES ('908', '10', '1972-12-06', '2018-11-09 13:56:18', null);
INSERT INTO `aworkday` VALUES ('909', '10', '1989-07-28', '2018-11-09 13:56:18', null);
INSERT INTO `aworkday` VALUES ('910', '10', '2016-03-14', '2018-11-09 13:56:18', null);
INSERT INTO `aworkday` VALUES ('911', '10', '2013-07-11', '2018-11-09 13:56:18', null);
INSERT INTO `aworkday` VALUES ('912', '10', '2001-05-01', '2018-11-09 13:56:18', null);
INSERT INTO `aworkday` VALUES ('913', '10', '1982-01-14', '2018-11-09 13:56:19', null);
INSERT INTO `aworkday` VALUES ('914', '10', '1984-03-09', '2018-11-09 13:56:19', null);
INSERT INTO `aworkday` VALUES ('915', '10', '1992-05-17', '2018-11-09 13:56:19', null);
INSERT INTO `aworkday` VALUES ('916', '10', '1970-04-09', '2018-11-09 13:56:19', null);
INSERT INTO `aworkday` VALUES ('917', '10', '2016-06-04', '2018-11-09 13:56:19', null);
INSERT INTO `aworkday` VALUES ('918', '10', '2009-12-07', '2018-11-09 13:56:19', null);
INSERT INTO `aworkday` VALUES ('919', '10', '1986-10-04', '2018-11-09 13:56:19', null);
INSERT INTO `aworkday` VALUES ('920', '10', '2017-06-02', '2018-11-09 13:56:19', null);
INSERT INTO `aworkday` VALUES ('921', '10', '1979-05-10', '2018-11-09 13:56:19', null);
INSERT INTO `aworkday` VALUES ('922', '10', '1975-04-15', '2018-11-09 13:56:19', null);
INSERT INTO `aworkday` VALUES ('923', '10', '1990-10-30', '2018-11-09 13:56:19', null);
INSERT INTO `aworkday` VALUES ('924', '10', '2014-01-27', '2018-11-09 13:56:19', null);
INSERT INTO `aworkday` VALUES ('925', '10', '2009-02-13', '2018-11-09 13:56:19', null);
INSERT INTO `aworkday` VALUES ('926', '10', '1970-08-26', '2018-11-09 13:56:19', null);
INSERT INTO `aworkday` VALUES ('927', '10', '1970-03-28', '2018-11-09 13:56:19', null);
INSERT INTO `aworkday` VALUES ('928', '10', '2002-10-28', '2018-11-09 13:56:19', null);
INSERT INTO `aworkday` VALUES ('929', '10', '1971-12-21', '2018-11-09 13:56:19', null);
INSERT INTO `aworkday` VALUES ('930', '10', '1971-05-15', '2018-11-09 13:56:19', null);
INSERT INTO `aworkday` VALUES ('931', '10', '2017-05-07', '2018-11-09 13:56:19', null);
INSERT INTO `aworkday` VALUES ('932', '10', '2003-11-13', '2018-11-09 13:56:19', null);
INSERT INTO `aworkday` VALUES ('933', '10', '1990-12-07', '2018-11-09 13:56:19', null);
INSERT INTO `aworkday` VALUES ('934', '10', '2005-08-08', '2018-11-09 13:56:19', null);
INSERT INTO `aworkday` VALUES ('935', '10', '2017-02-14', '2018-11-09 13:56:19', null);
INSERT INTO `aworkday` VALUES ('936', '10', '2000-12-28', '2018-11-09 13:56:19', null);
INSERT INTO `aworkday` VALUES ('937', '10', '2003-11-16', '2018-11-09 13:56:19', null);
INSERT INTO `aworkday` VALUES ('938', '10', '1997-02-22', '2018-11-09 13:56:19', null);
INSERT INTO `aworkday` VALUES ('939', '10', '1984-05-06', '2018-11-09 13:56:19', null);
INSERT INTO `aworkday` VALUES ('940', '10', '1994-07-27', '2018-11-09 13:56:19', null);
INSERT INTO `aworkday` VALUES ('941', '10', '1983-08-05', '2018-11-09 13:56:20', null);
INSERT INTO `aworkday` VALUES ('942', '10', '1991-02-16', '2018-11-09 13:56:20', null);
INSERT INTO `aworkday` VALUES ('943', '10', '1980-09-05', '2018-11-09 13:56:20', null);
INSERT INTO `aworkday` VALUES ('944', '10', '1986-03-03', '2018-11-09 13:56:20', null);
INSERT INTO `aworkday` VALUES ('945', '10', '1973-03-28', '2018-11-09 13:56:20', null);
INSERT INTO `aworkday` VALUES ('946', '10', '1991-01-20', '2018-11-09 13:56:20', null);
INSERT INTO `aworkday` VALUES ('947', '10', '2008-04-06', '2018-11-09 13:56:20', null);
INSERT INTO `aworkday` VALUES ('948', '10', '1980-08-29', '2018-11-09 13:56:20', null);
INSERT INTO `aworkday` VALUES ('949', '10', '2010-02-04', '2018-11-09 13:56:20', null);
INSERT INTO `aworkday` VALUES ('950', '10', '2007-10-20', '2018-11-09 13:56:20', null);
INSERT INTO `aworkday` VALUES ('951', '10', '2000-05-30', '2018-11-09 13:56:20', null);
INSERT INTO `aworkday` VALUES ('952', '10', '1997-09-21', '2018-11-09 13:56:20', null);
INSERT INTO `aworkday` VALUES ('953', '10', '1970-01-10', '2018-11-09 13:56:20', null);
INSERT INTO `aworkday` VALUES ('954', '10', '1982-03-02', '2018-11-09 13:56:20', null);
INSERT INTO `aworkday` VALUES ('955', '10', '2012-11-12', '2018-11-09 13:56:20', null);
INSERT INTO `aworkday` VALUES ('956', '10', '2012-04-16', '2018-11-09 13:56:20', null);
INSERT INTO `aworkday` VALUES ('957', '10', '1997-09-19', '2018-11-09 13:56:20', null);
INSERT INTO `aworkday` VALUES ('958', '10', '1971-11-15', '2018-11-09 13:56:20', null);
INSERT INTO `aworkday` VALUES ('959', '10', '2007-12-02', '2018-11-09 13:56:20', null);
INSERT INTO `aworkday` VALUES ('960', '10', '1996-04-07', '2018-11-09 13:56:20', null);
INSERT INTO `aworkday` VALUES ('961', '10', '1999-11-20', '2018-11-09 13:56:20', null);
INSERT INTO `aworkday` VALUES ('962', '10', '1997-06-29', '2018-11-09 13:56:20', null);
INSERT INTO `aworkday` VALUES ('963', '10', '2015-05-31', '2018-11-09 13:56:20', null);
INSERT INTO `aworkday` VALUES ('964', '10', '1992-10-12', '2018-11-09 13:56:20', null);
INSERT INTO `aworkday` VALUES ('965', '10', '1976-01-13', '2018-11-09 13:56:20', null);
INSERT INTO `aworkday` VALUES ('966', '10', '2005-11-14', '2018-11-09 13:56:20', null);
INSERT INTO `aworkday` VALUES ('967', '10', '1974-08-18', '2018-11-09 13:56:20', null);
INSERT INTO `aworkday` VALUES ('968', '10', '2010-01-03', '2018-11-09 13:56:20', null);
INSERT INTO `aworkday` VALUES ('969', '10', '1988-01-30', '2018-11-09 13:56:20', null);
INSERT INTO `aworkday` VALUES ('970', '10', '1974-02-14', '2018-11-09 13:56:21', null);
INSERT INTO `aworkday` VALUES ('971', '10', '2004-07-03', '2018-11-09 13:56:21', null);
INSERT INTO `aworkday` VALUES ('972', '10', '1981-10-22', '2018-11-09 13:56:21', null);
INSERT INTO `aworkday` VALUES ('973', '10', '1971-03-12', '2018-11-09 13:56:21', null);
INSERT INTO `aworkday` VALUES ('974', '10', '1975-12-01', '2018-11-09 13:56:21', null);
INSERT INTO `aworkday` VALUES ('975', '10', '2006-01-31', '2018-11-09 13:56:21', null);
INSERT INTO `aworkday` VALUES ('976', '10', '2016-08-21', '2018-11-09 13:56:21', null);
INSERT INTO `aworkday` VALUES ('977', '10', '2012-01-25', '2018-11-09 13:56:21', null);
INSERT INTO `aworkday` VALUES ('978', '10', '1982-08-19', '2018-11-09 13:56:21', null);
INSERT INTO `aworkday` VALUES ('979', '10', '1983-03-02', '2018-11-09 13:56:21', null);
INSERT INTO `aworkday` VALUES ('980', '10', '2005-06-14', '2018-11-09 13:56:21', null);
INSERT INTO `aworkday` VALUES ('981', '10', '2016-11-14', '2018-11-09 13:56:21', null);
INSERT INTO `aworkday` VALUES ('982', '10', '2009-10-11', '2018-11-09 13:56:21', null);
INSERT INTO `aworkday` VALUES ('983', '10', '1987-04-11', '2018-11-09 13:56:21', null);
INSERT INTO `aworkday` VALUES ('984', '10', '1998-03-05', '2018-11-09 13:56:21', null);
INSERT INTO `aworkday` VALUES ('985', '10', '1988-11-02', '2018-11-09 13:56:21', null);
INSERT INTO `aworkday` VALUES ('986', '10', '2005-12-16', '2018-11-09 13:56:21', null);
INSERT INTO `aworkday` VALUES ('987', '10', '1999-09-21', '2018-11-09 13:56:21', null);
INSERT INTO `aworkday` VALUES ('988', '10', '1970-02-23', '2018-11-09 13:56:21', null);
INSERT INTO `aworkday` VALUES ('989', '10', '2016-06-18', '2018-11-09 13:56:21', null);
INSERT INTO `aworkday` VALUES ('990', '10', '1970-08-14', '2018-11-09 13:56:21', null);
INSERT INTO `aworkday` VALUES ('991', '10', '1975-12-26', '2018-11-09 13:56:21', null);
INSERT INTO `aworkday` VALUES ('992', '10', '2014-12-24', '2018-11-09 13:56:21', null);
INSERT INTO `aworkday` VALUES ('993', '10', '1970-06-07', '2018-11-09 13:56:21', null);
INSERT INTO `aworkday` VALUES ('994', '10', '2007-04-18', '2018-11-09 13:56:21', null);
INSERT INTO `aworkday` VALUES ('995', '10', '1998-12-03', '2018-11-09 13:56:21', null);
INSERT INTO `aworkday` VALUES ('996', '10', '1971-02-17', '2018-11-09 13:56:21', null);
INSERT INTO `aworkday` VALUES ('997', '10', '2009-01-21', '2018-11-09 13:56:21', null);
INSERT INTO `aworkday` VALUES ('998', '10', '1999-12-17', '2018-11-09 13:56:21', null);
INSERT INTO `aworkday` VALUES ('999', '10', '1993-10-05', '2018-11-09 13:56:22', null);
INSERT INTO `aworkday` VALUES ('1000', '10', '1974-02-17', '2018-11-09 13:56:22', null);

-- ----------------------------
-- Table structure for district
-- ----------------------------
DROP TABLE IF EXISTS `district`;
CREATE TABLE `district` (
  `id` int(10) unsigned NOT NULL AUTO_INCREMENT,
  `name` varchar(255) COLLATE utf8mb4_unicode_ci NOT NULL,
  `created_at` timestamp NULL DEFAULT NULL,
  `updated_at` timestamp NULL DEFAULT NULL,
  PRIMARY KEY (`id`)
) ENGINE=InnoDB AUTO_INCREMENT=11 DEFAULT CHARSET=utf8mb4 COLLATE=utf8mb4_unicode_ci;

-- ----------------------------
-- Records of district
-- ----------------------------
INSERT INTO `district` VALUES ('1', 'Dana Parisian', null, null);
INSERT INTO `district` VALUES ('2', 'Minnie O\'Keefe', null, null);
INSERT INTO `district` VALUES ('3', 'Dion Corwin III', null, null);
INSERT INTO `district` VALUES ('4', 'Luella Ryan', null, null);
INSERT INTO `district` VALUES ('5', 'Rupert Haley', null, null);
INSERT INTO `district` VALUES ('6', 'Frieda Donnelly', null, null);
INSERT INTO `district` VALUES ('7', 'Dr. Carlo Weber IV', null, null);
INSERT INTO `district` VALUES ('8', 'Daren Klocko', null, null);
INSERT INTO `district` VALUES ('9', 'Mrs. Willie Pouros IV', null, null);
INSERT INTO `district` VALUES ('10', 'Bonita Keeling IV', null, null);

-- ----------------------------
-- Table structure for migrations
-- ----------------------------
DROP TABLE IF EXISTS `migrations`;
CREATE TABLE `migrations` (
  `id` int(10) unsigned NOT NULL AUTO_INCREMENT,
  `migration` varchar(255) COLLATE utf8mb4_unicode_ci NOT NULL,
  `batch` int(11) NOT NULL,
  PRIMARY KEY (`id`)
) ENGINE=InnoDB AUTO_INCREMENT=102 DEFAULT CHARSET=utf8mb4 COLLATE=utf8mb4_unicode_ci;

-- ----------------------------
-- Records of migrations
-- ----------------------------
INSERT INTO `migrations` VALUES ('96', '2018_10_15_035301_create_account_table', '1');
INSERT INTO `migrations` VALUES ('97', '2018_10_15_035428_create_wards_table', '1');
INSERT INTO `migrations` VALUES ('98', '2018_10_15_035449_create_district_table', '1');
INSERT INTO `migrations` VALUES ('99', '2018_10_19_162249_workday_table_seeder', '1');
INSERT INTO `migrations` VALUES ('100', '2018_10_21_093714_create_users_table', '1');
INSERT INTO `migrations` VALUES ('101', '2018_11_05_154143_create_aworkday_table', '1');

-- ----------------------------
-- Table structure for users
-- ----------------------------
DROP TABLE IF EXISTS `users`;
CREATE TABLE `users` (
  `id` int(10) unsigned NOT NULL AUTO_INCREMENT,
  `email` varchar(255) COLLATE utf8mb4_unicode_ci NOT NULL,
  `name` varchar(255) COLLATE utf8mb4_unicode_ci NOT NULL,
  `password` varchar(255) COLLATE utf8mb4_unicode_ci NOT NULL,
  `author` int(11) NOT NULL,
  `start_time` varchar(255) COLLATE utf8mb4_unicode_ci NOT NULL,
  `stop_time` varchar(255) COLLATE utf8mb4_unicode_ci NOT NULL,
  `check_time` varchar(255) COLLATE utf8mb4_unicode_ci NOT NULL,
  `status` int(11) NOT NULL,
  `DayInMonth` int(11) NOT NULL,
  `check` int(11) NOT NULL,
  `remember_token` varchar(100) COLLATE utf8mb4_unicode_ci DEFAULT NULL,
  `created_at` timestamp NULL DEFAULT NULL,
  `updated_at` timestamp NULL DEFAULT NULL,
  PRIMARY KEY (`id`)
) ENGINE=InnoDB AUTO_INCREMENT=12 DEFAULT CHARSET=utf8mb4 COLLATE=utf8mb4_unicode_ci;

-- ----------------------------
-- Records of users
-- ----------------------------
INSERT INTO `users` VALUES ('1', 'pnthanh22121999@gmail.com', 'thanh', '123456', '0', '0', '0', '0', '0', '27', '1', 'yiEWqUsikK74oZD9vsjsn8rm42jrN8NGicdLvpHTrzR1xrH3efpwITz9PtyA', '2018-01-12 00:00:00', '2018-12-04 15:04:55');
INSERT INTO `users` VALUES ('2', 'bill56@kuhn.com', 'Darrion Pfeffer', '123456', '1', '0', '0', '0', '0', '27', '1', null, '2018-01-12 00:00:00', '2018-12-04 15:04:55');
INSERT INTO `users` VALUES ('3', 'rolfson.tom@hansen.com', 'Dr. Joseph Leffler', '123456', '1', '0', '0', '0', '0', '27', '1', null, '2018-01-12 00:00:00', '2018-12-04 15:04:55');
INSERT INTO `users` VALUES ('4', 'briana.little@gmail.com', 'Ms. Aliya Huels III', '123456', '1', '0', '0', '0', '0', '27', '1', null, '2018-01-12 00:00:00', '2018-12-04 15:04:55');
INSERT INTO `users` VALUES ('5', 'reinger.hunter@lueilwitz.com', 'Mr. Vaughn Sanford', '123456', '1', '0', '0', '0', '0', '27', '1', null, '2018-01-12 00:00:00', '2018-12-04 15:04:55');
INSERT INTO `users` VALUES ('6', 'edna.bogisich@nicolas.com', 'Dr. Everett Wintheiser', '123456', '1', '0', '0', '0', '0', '27', '1', null, '2018-01-12 00:00:00', '2018-12-04 15:04:55');
INSERT INTO `users` VALUES ('7', 'nelle.erdman@yahoo.com', 'Evangeline Marquardt Sr.', '123456', '1', '0', '0', '0', '0', '27', '1', null, '2018-01-12 00:00:00', '2018-12-04 15:04:55');
INSERT INTO `users` VALUES ('8', 'hillary73@yahoo.com', 'Merle McDermott', '123456', '1', '0', '0', '0', '0', '27', '1', null, '2018-01-12 00:00:00', '2018-12-04 15:04:55');
INSERT INTO `users` VALUES ('9', 'hazle.jenkins@veum.com', 'Dr. Maurine Stark II', '123456', '1', '0', '0', '0', '0', '27', '1', null, '2018-01-12 00:00:00', '2018-12-04 15:04:55');
INSERT INTO `users` VALUES ('10', 'tierra.labadie@altenwerth.net', 'Prof. Demarcus Macejkovic', '123456', '1', '0', '0', '0', '0', '27', '1', null, '2018-01-12 00:00:00', '2018-12-04 15:04:55');
INSERT INTO `users` VALUES ('11', 'admin@gmail.com', '', '123456', '0', '', '', '', '0', '0', '0', null, null, null);

-- ----------------------------
-- Table structure for wards
-- ----------------------------
DROP TABLE IF EXISTS `wards`;
CREATE TABLE `wards` (
  `id` int(10) unsigned NOT NULL AUTO_INCREMENT,
  `name` varchar(255) COLLATE utf8mb4_unicode_ci NOT NULL,
  `district_id` int(11) NOT NULL,
  `created_at` timestamp NULL DEFAULT NULL,
  `updated_at` timestamp NULL DEFAULT NULL,
  PRIMARY KEY (`id`)
) ENGINE=InnoDB AUTO_INCREMENT=101 DEFAULT CHARSET=utf8mb4 COLLATE=utf8mb4_unicode_ci;

-- ----------------------------
-- Records of wards
-- ----------------------------
INSERT INTO `wards` VALUES ('1', 'Troy Stracke PhD', '10', null, null);
INSERT INTO `wards` VALUES ('2', 'Krystal O\'Reilly', '8', null, null);
INSERT INTO `wards` VALUES ('3', 'Dr. Christop Barrows', '5', null, null);
INSERT INTO `wards` VALUES ('4', 'Garrett Jast', '3', null, null);
INSERT INTO `wards` VALUES ('5', 'Ms. Myra Wolf', '6', null, null);
INSERT INTO `wards` VALUES ('6', 'Hazle Ebert', '1', null, null);
INSERT INTO `wards` VALUES ('7', 'Dr. Hazle Parisian V', '6', null, null);
INSERT INTO `wards` VALUES ('8', 'Dolly Wolf', '5', null, null);
INSERT INTO `wards` VALUES ('9', 'Torrey Wyman I', '2', null, null);
INSERT INTO `wards` VALUES ('10', 'Heber Steuber PhD', '5', null, null);
INSERT INTO `wards` VALUES ('11', 'Beulah Luettgen', '8', null, null);
INSERT INTO `wards` VALUES ('12', 'Antonio Boyer', '3', null, null);
INSERT INTO `wards` VALUES ('13', 'Andreanne Robel', '9', null, null);
INSERT INTO `wards` VALUES ('14', 'Jess Wisoky III', '4', null, null);
INSERT INTO `wards` VALUES ('15', 'Robb Dietrich III', '10', null, null);
INSERT INTO `wards` VALUES ('16', 'Dr. Doris Lowe I', '8', null, null);
INSERT INTO `wards` VALUES ('17', 'Yasmine Lehner', '7', null, null);
INSERT INTO `wards` VALUES ('18', 'Margaretta Bechtelar', '4', null, null);
INSERT INTO `wards` VALUES ('19', 'Tad Von DVM', '1', null, null);
INSERT INTO `wards` VALUES ('20', 'Leatha Ledner', '2', null, null);
INSERT INTO `wards` VALUES ('21', 'Marty Wuckert', '3', null, null);
INSERT INTO `wards` VALUES ('22', 'Dr. Elenora Nienow DVM', '9', null, null);
INSERT INTO `wards` VALUES ('23', 'Gage Terry', '6', null, null);
INSERT INTO `wards` VALUES ('24', 'Mittie Auer', '5', null, null);
INSERT INTO `wards` VALUES ('25', 'Leland Berge', '5', null, null);
INSERT INTO `wards` VALUES ('26', 'Rosario Kling', '9', null, null);
INSERT INTO `wards` VALUES ('27', 'Prof. Evelyn Gulgowski', '7', null, null);
INSERT INTO `wards` VALUES ('28', 'Cielo Bernier', '10', null, null);
INSERT INTO `wards` VALUES ('29', 'Dr. Nelda Kassulke V', '1', null, null);
INSERT INTO `wards` VALUES ('30', 'Abby Graham DDS', '8', null, null);
INSERT INTO `wards` VALUES ('31', 'Durward Huel', '5', null, null);
INSERT INTO `wards` VALUES ('32', 'Addison Lang', '5', null, null);
INSERT INTO `wards` VALUES ('33', 'Gunnar Lockman I', '10', null, null);
INSERT INTO `wards` VALUES ('34', 'Elvis Stiedemann DDS', '2', null, null);
INSERT INTO `wards` VALUES ('35', 'Dr. Rosalinda Emard', '2', null, null);
INSERT INTO `wards` VALUES ('36', 'Shayna Weber I', '3', null, null);
INSERT INTO `wards` VALUES ('37', 'Dr. Schuyler Kiehn', '1', null, null);
INSERT INTO `wards` VALUES ('38', 'Dino Abshire', '8', null, null);
INSERT INTO `wards` VALUES ('39', 'Dr. Lennie Leuschke V', '5', null, null);
INSERT INTO `wards` VALUES ('40', 'Reinhold Stamm', '9', null, null);
INSERT INTO `wards` VALUES ('41', 'Hope Boyer', '2', null, null);
INSERT INTO `wards` VALUES ('42', 'Jarred Mohr', '9', null, null);
INSERT INTO `wards` VALUES ('43', 'Ms. Bridgette Osinski Jr.', '6', null, null);
INSERT INTO `wards` VALUES ('44', 'Eldridge Crooks', '10', null, null);
INSERT INTO `wards` VALUES ('45', 'Prof. Joseph Lehner II', '1', null, null);
INSERT INTO `wards` VALUES ('46', 'Alize Pagac', '4', null, null);
INSERT INTO `wards` VALUES ('47', 'Dr. Ethan Treutel', '6', null, null);
INSERT INTO `wards` VALUES ('48', 'Whitney Raynor', '1', null, null);
INSERT INTO `wards` VALUES ('49', 'Myrtice Hettinger', '1', null, null);
INSERT INTO `wards` VALUES ('50', 'Jarret Stark I', '1', null, null);
INSERT INTO `wards` VALUES ('51', 'Dr. Rod Glover DVM', '10', null, null);
INSERT INTO `wards` VALUES ('52', 'Arch Walter', '2', null, null);
INSERT INTO `wards` VALUES ('53', 'Russ Rohan', '9', null, null);
INSERT INTO `wards` VALUES ('54', 'Gia Marquardt', '6', null, null);
INSERT INTO `wards` VALUES ('55', 'Franz Mann', '7', null, null);
INSERT INTO `wards` VALUES ('56', 'Golda Crona', '7', null, null);
INSERT INTO `wards` VALUES ('57', 'Ana Kutch', '6', null, null);
INSERT INTO `wards` VALUES ('58', 'Dr. Katelynn McDermott', '4', null, null);
INSERT INTO `wards` VALUES ('59', 'Rhiannon Hodkiewicz I', '2', null, null);
INSERT INTO `wards` VALUES ('60', 'Kathlyn Kub', '6', null, null);
INSERT INTO `wards` VALUES ('61', 'Lawrence Howell', '6', null, null);
INSERT INTO `wards` VALUES ('62', 'Neva Davis', '10', null, null);
INSERT INTO `wards` VALUES ('63', 'Brian Kulas', '10', null, null);
INSERT INTO `wards` VALUES ('64', 'Jay Larkin PhD', '2', null, null);
INSERT INTO `wards` VALUES ('65', 'Leif Auer', '2', null, null);
INSERT INTO `wards` VALUES ('66', 'Pattie Wilkinson II', '3', null, null);
INSERT INTO `wards` VALUES ('67', 'Blanche Ullrich', '10', null, null);
INSERT INTO `wards` VALUES ('68', 'Russell Douglas', '7', null, null);
INSERT INTO `wards` VALUES ('69', 'Velda Rice', '4', null, null);
INSERT INTO `wards` VALUES ('70', 'Michale Kohler', '3', null, null);
INSERT INTO `wards` VALUES ('71', 'Magdalen Buckridge', '9', null, null);
INSERT INTO `wards` VALUES ('72', 'Rory Bayer', '7', null, null);
INSERT INTO `wards` VALUES ('73', 'Duncan Botsford Sr.', '8', null, null);
INSERT INTO `wards` VALUES ('74', 'Neoma Will', '3', null, null);
INSERT INTO `wards` VALUES ('75', 'Mr. Demario Johnston Jr.', '1', null, null);
INSERT INTO `wards` VALUES ('76', 'Mrs. Vicky Waters I', '6', null, null);
INSERT INTO `wards` VALUES ('77', 'Ethan Kuvalis PhD', '6', null, null);
INSERT INTO `wards` VALUES ('78', 'Ms. Malvina Bauch', '7', null, null);
INSERT INTO `wards` VALUES ('79', 'Ms. Meghan Kassulke', '6', null, null);
INSERT INTO `wards` VALUES ('80', 'Jaden Bernier', '3', null, null);
INSERT INTO `wards` VALUES ('81', 'Casey DuBuque', '1', null, null);
INSERT INTO `wards` VALUES ('82', 'Edwina Mitchell', '7', null, null);
INSERT INTO `wards` VALUES ('83', 'Dr. Skylar Hegmann', '6', null, null);
INSERT INTO `wards` VALUES ('84', 'Nicolette Labadie', '9', null, null);
INSERT INTO `wards` VALUES ('85', 'Reyes Hauck', '1', null, null);
INSERT INTO `wards` VALUES ('86', 'Manuela Hills IV', '4', null, null);
INSERT INTO `wards` VALUES ('87', 'Mrs. Rosalyn Skiles Jr.', '8', null, null);
INSERT INTO `wards` VALUES ('88', 'Gus Huel', '7', null, null);
INSERT INTO `wards` VALUES ('89', 'Will Larson', '6', null, null);
INSERT INTO `wards` VALUES ('90', 'Lawrence Kovacek', '3', null, null);
INSERT INTO `wards` VALUES ('91', 'Conrad Lebsack', '6', null, null);
INSERT INTO `wards` VALUES ('92', 'Ms. Wilhelmine Kuphal', '1', null, null);
INSERT INTO `wards` VALUES ('93', 'Madalyn Abernathy', '5', null, null);
INSERT INTO `wards` VALUES ('94', 'Mrs. Estella McLaughlin', '5', null, null);
INSERT INTO `wards` VALUES ('95', 'Corine Raynor', '5', null, null);
INSERT INTO `wards` VALUES ('96', 'Dr. Abbie Kertzmann MD', '1', null, null);
INSERT INTO `wards` VALUES ('97', 'Cristopher Wolf', '6', null, null);
INSERT INTO `wards` VALUES ('98', 'Garry Gulgowski', '2', null, null);
INSERT INTO `wards` VALUES ('99', 'Moriah Rosenbaum', '1', null, null);
INSERT INTO `wards` VALUES ('100', 'Marian Franecki II', '1', null, null);

-- ----------------------------
-- Table structure for workday
-- ----------------------------
DROP TABLE IF EXISTS `workday`;
CREATE TABLE `workday` (
  `id` int(10) unsigned NOT NULL AUTO_INCREMENT,
  `user_id` varchar(255) COLLATE utf8mb4_unicode_ci NOT NULL,
  `workday` int(11) NOT NULL,
  `monthday` int(11) NOT NULL,
  `hours` int(11) NOT NULL,
  `created_at` timestamp NULL DEFAULT NULL,
  `updated_at` timestamp NULL DEFAULT NULL,
  PRIMARY KEY (`id`)
) ENGINE=InnoDB AUTO_INCREMENT=133 DEFAULT CHARSET=utf8mb4 COLLATE=utf8mb4_unicode_ci;

-- ----------------------------
-- Records of workday
-- ----------------------------
INSERT INTO `workday` VALUES ('1', '11', '0', '10', '0', '2018-01-12 00:00:00', '2018-11-08 23:57:35');
INSERT INTO `workday` VALUES ('2', '10', '0', '10', '0', '2018-01-12 00:00:00', '2018-11-08 23:57:35');
INSERT INTO `workday` VALUES ('3', '9', '0', '10', '0', '2018-01-12 00:00:00', '2018-11-08 23:57:35');
INSERT INTO `workday` VALUES ('4', '8', '0', '10', '0', '2018-01-12 00:00:00', '2018-11-08 23:57:35');
INSERT INTO `workday` VALUES ('5', '7', '0', '10', '0', '2018-01-12 00:00:00', '2018-11-08 23:57:35');
INSERT INTO `workday` VALUES ('6', '6', '0', '10', '0', '2018-01-12 00:00:00', '2018-11-08 23:57:35');
INSERT INTO `workday` VALUES ('7', '5', '0', '10', '0', '2018-01-12 00:00:00', '2018-11-08 23:57:35');
INSERT INTO `workday` VALUES ('8', '4', '0', '10', '0', '2018-01-12 00:00:00', '2018-11-08 23:57:36');
INSERT INTO `workday` VALUES ('9', '3', '0', '10', '0', '2018-01-12 00:00:00', '2018-11-08 23:57:36');
INSERT INTO `workday` VALUES ('10', '2', '0', '10', '0', '2018-01-12 00:00:00', '2018-11-08 23:57:36');
INSERT INTO `workday` VALUES ('11', '1', '1', '10', '0', '2018-01-12 00:00:00', '2018-11-09 14:30:58');
INSERT INTO `workday` VALUES ('12', '22', '0', '10', '0', '2018-01-12 00:00:00', '2018-11-08 23:58:58');
INSERT INTO `workday` VALUES ('13', '21', '0', '10', '0', '2018-01-12 00:00:00', '2018-11-08 23:58:58');
INSERT INTO `workday` VALUES ('14', '20', '0', '10', '0', '2018-01-12 00:00:00', '2018-11-08 23:58:59');
INSERT INTO `workday` VALUES ('15', '19', '0', '10', '0', '2018-01-12 00:00:00', '2018-11-08 23:58:59');
INSERT INTO `workday` VALUES ('16', '18', '0', '10', '0', '2018-01-12 00:00:00', '2018-11-08 23:58:59');
INSERT INTO `workday` VALUES ('17', '17', '0', '10', '0', '2018-01-12 00:00:00', '2018-11-08 23:58:59');
INSERT INTO `workday` VALUES ('18', '16', '0', '10', '0', '2018-01-12 00:00:00', '2018-11-08 23:58:59');
INSERT INTO `workday` VALUES ('19', '15', '0', '10', '0', '2018-01-12 00:00:00', '2018-11-08 23:58:59');
INSERT INTO `workday` VALUES ('20', '14', '0', '10', '0', '2018-01-12 00:00:00', '2018-11-08 23:58:59');
INSERT INTO `workday` VALUES ('21', '13', '0', '10', '0', '2018-01-12 00:00:00', '2018-11-08 23:58:59');
INSERT INTO `workday` VALUES ('22', '12', '0', '10', '0', '2018-01-12 00:00:00', '2018-11-08 23:58:59');
INSERT INTO `workday` VALUES ('23', '1', '19', '1', '170', '2018-01-13 00:00:00', null);
INSERT INTO `workday` VALUES ('24', '1', '20', '2', '170', '2018-01-13 00:00:00', null);
INSERT INTO `workday` VALUES ('25', '1', '17', '3', '174', '2018-01-13 00:00:00', null);
INSERT INTO `workday` VALUES ('26', '1', '21', '4', '170', '2018-01-13 00:00:00', null);
INSERT INTO `workday` VALUES ('27', '1', '17', '5', '171', '2018-01-13 00:00:00', null);
INSERT INTO `workday` VALUES ('28', '1', '17', '6', '176', '2018-01-13 00:00:00', null);
INSERT INTO `workday` VALUES ('29', '1', '17', '7', '170', '2018-01-13 00:00:00', null);
INSERT INTO `workday` VALUES ('30', '1', '20', '8', '171', '2018-01-13 00:00:00', null);
INSERT INTO `workday` VALUES ('31', '1', '18', '9', '173', '2018-01-13 00:00:00', null);
INSERT INTO `workday` VALUES ('32', '2', '22', '1', '170', '2018-01-13 00:00:00', null);
INSERT INTO `workday` VALUES ('33', '2', '18', '2', '174', '2018-01-13 00:00:00', null);
INSERT INTO `workday` VALUES ('34', '2', '18', '3', '172', '2018-01-13 00:00:00', null);
INSERT INTO `workday` VALUES ('35', '2', '20', '4', '172', '2018-01-13 00:00:00', null);
INSERT INTO `workday` VALUES ('36', '2', '19', '5', '175', '2018-01-13 00:00:00', null);
INSERT INTO `workday` VALUES ('37', '2', '22', '6', '172', '2018-01-13 00:00:00', null);
INSERT INTO `workday` VALUES ('38', '2', '18', '7', '174', '2018-01-13 00:00:00', null);
INSERT INTO `workday` VALUES ('39', '2', '18', '8', '175', '2018-01-13 00:00:00', null);
INSERT INTO `workday` VALUES ('40', '2', '20', '9', '171', '2018-01-13 00:00:00', null);
INSERT INTO `workday` VALUES ('41', '3', '21', '1', '170', '2018-01-13 00:00:00', null);
INSERT INTO `workday` VALUES ('42', '3', '20', '2', '171', '2018-01-13 00:00:00', null);
INSERT INTO `workday` VALUES ('43', '3', '22', '3', '174', '2018-01-13 00:00:00', null);
INSERT INTO `workday` VALUES ('44', '3', '20', '4', '174', '2018-01-13 00:00:00', null);
INSERT INTO `workday` VALUES ('45', '3', '20', '5', '175', '2018-01-13 00:00:00', null);
INSERT INTO `workday` VALUES ('46', '3', '19', '6', '172', '2018-01-13 00:00:00', null);
INSERT INTO `workday` VALUES ('47', '3', '19', '7', '175', '2018-01-13 00:00:00', null);
INSERT INTO `workday` VALUES ('48', '3', '22', '8', '171', '2018-01-13 00:00:00', null);
INSERT INTO `workday` VALUES ('49', '3', '21', '9', '172', '2018-01-13 00:00:00', null);
INSERT INTO `workday` VALUES ('50', '4', '17', '1', '171', '2018-01-13 00:00:00', null);
INSERT INTO `workday` VALUES ('51', '4', '18', '2', '170', '2018-01-13 00:00:00', null);
INSERT INTO `workday` VALUES ('52', '4', '17', '3', '176', '2018-01-13 00:00:00', null);
INSERT INTO `workday` VALUES ('53', '4', '20', '4', '173', '2018-01-13 00:00:00', null);
INSERT INTO `workday` VALUES ('54', '4', '18', '5', '173', '2018-01-13 00:00:00', null);
INSERT INTO `workday` VALUES ('55', '4', '21', '6', '173', '2018-01-13 00:00:00', null);
INSERT INTO `workday` VALUES ('56', '4', '19', '7', '176', '2018-01-13 00:00:00', null);
INSERT INTO `workday` VALUES ('57', '4', '22', '8', '176', '2018-01-13 00:00:00', null);
INSERT INTO `workday` VALUES ('58', '4', '21', '9', '176', '2018-01-13 00:00:00', null);
INSERT INTO `workday` VALUES ('59', '5', '18', '1', '176', '2018-01-13 00:00:00', null);
INSERT INTO `workday` VALUES ('60', '5', '18', '2', '176', '2018-01-13 00:00:00', null);
INSERT INTO `workday` VALUES ('61', '5', '20', '3', '171', '2018-01-13 00:00:00', null);
INSERT INTO `workday` VALUES ('62', '5', '20', '4', '176', '2018-01-13 00:00:00', null);
INSERT INTO `workday` VALUES ('63', '5', '18', '5', '174', '2018-01-13 00:00:00', null);
INSERT INTO `workday` VALUES ('64', '5', '22', '6', '170', '2018-01-13 00:00:00', null);
INSERT INTO `workday` VALUES ('65', '5', '20', '7', '174', '2018-01-13 00:00:00', null);
INSERT INTO `workday` VALUES ('66', '5', '17', '8', '173', '2018-01-13 00:00:00', null);
INSERT INTO `workday` VALUES ('67', '5', '21', '9', '172', '2018-01-13 00:00:00', null);
INSERT INTO `workday` VALUES ('68', '6', '22', '1', '175', '2018-01-13 00:00:00', null);
INSERT INTO `workday` VALUES ('69', '6', '18', '2', '174', '2018-01-13 00:00:00', null);
INSERT INTO `workday` VALUES ('70', '6', '18', '3', '171', '2018-01-13 00:00:00', null);
INSERT INTO `workday` VALUES ('71', '6', '21', '4', '173', '2018-01-13 00:00:00', null);
INSERT INTO `workday` VALUES ('72', '6', '21', '5', '171', '2018-01-13 00:00:00', null);
INSERT INTO `workday` VALUES ('73', '6', '21', '6', '175', '2018-01-13 00:00:00', null);
INSERT INTO `workday` VALUES ('74', '6', '18', '7', '173', '2018-01-13 00:00:00', null);
INSERT INTO `workday` VALUES ('75', '6', '18', '8', '171', '2018-01-13 00:00:00', null);
INSERT INTO `workday` VALUES ('76', '6', '21', '9', '172', '2018-01-13 00:00:00', null);
INSERT INTO `workday` VALUES ('77', '7', '20', '1', '172', '2018-01-13 00:00:00', null);
INSERT INTO `workday` VALUES ('78', '7', '19', '2', '176', '2018-01-13 00:00:00', null);
INSERT INTO `workday` VALUES ('79', '7', '22', '3', '171', '2018-01-13 00:00:00', null);
INSERT INTO `workday` VALUES ('80', '7', '20', '4', '172', '2018-01-13 00:00:00', null);
INSERT INTO `workday` VALUES ('81', '7', '21', '5', '175', '2018-01-13 00:00:00', null);
INSERT INTO `workday` VALUES ('82', '7', '17', '6', '171', '2018-01-13 00:00:00', null);
INSERT INTO `workday` VALUES ('83', '7', '20', '7', '176', '2018-01-13 00:00:00', null);
INSERT INTO `workday` VALUES ('84', '7', '19', '8', '173', '2018-01-13 00:00:00', null);
INSERT INTO `workday` VALUES ('85', '7', '21', '9', '176', '2018-01-13 00:00:00', null);
INSERT INTO `workday` VALUES ('86', '8', '17', '1', '171', '2018-01-13 00:00:00', null);
INSERT INTO `workday` VALUES ('87', '8', '19', '2', '176', '2018-01-13 00:00:00', null);
INSERT INTO `workday` VALUES ('88', '8', '20', '3', '170', '2018-01-13 00:00:00', null);
INSERT INTO `workday` VALUES ('89', '8', '19', '4', '172', '2018-01-13 00:00:00', null);
INSERT INTO `workday` VALUES ('90', '8', '20', '5', '171', '2018-01-13 00:00:00', null);
INSERT INTO `workday` VALUES ('91', '8', '18', '6', '171', '2018-01-13 00:00:00', null);
INSERT INTO `workday` VALUES ('92', '8', '17', '7', '172', '2018-01-13 00:00:00', null);
INSERT INTO `workday` VALUES ('93', '8', '17', '8', '170', '2018-01-13 00:00:00', null);
INSERT INTO `workday` VALUES ('94', '8', '18', '9', '173', '2018-01-13 00:00:00', null);
INSERT INTO `workday` VALUES ('95', '9', '20', '1', '170', '2018-01-13 00:00:00', null);
INSERT INTO `workday` VALUES ('96', '9', '20', '2', '173', '2018-01-13 00:00:00', null);
INSERT INTO `workday` VALUES ('97', '9', '19', '3', '172', '2018-01-13 00:00:00', null);
INSERT INTO `workday` VALUES ('98', '9', '19', '4', '175', '2018-01-13 00:00:00', null);
INSERT INTO `workday` VALUES ('99', '9', '18', '5', '172', '2018-01-13 00:00:00', null);
INSERT INTO `workday` VALUES ('100', '9', '22', '6', '174', '2018-01-13 00:00:00', null);
INSERT INTO `workday` VALUES ('101', '9', '17', '7', '173', '2018-01-13 00:00:00', null);
INSERT INTO `workday` VALUES ('102', '9', '20', '8', '171', '2018-01-13 00:00:00', null);
INSERT INTO `workday` VALUES ('103', '9', '22', '9', '176', '2018-01-13 00:00:00', null);
INSERT INTO `workday` VALUES ('104', '10', '21', '1', '176', '2018-01-13 00:00:00', null);
INSERT INTO `workday` VALUES ('105', '10', '21', '2', '176', '2018-01-13 00:00:00', null);
INSERT INTO `workday` VALUES ('106', '10', '21', '3', '172', '2018-01-13 00:00:00', null);
INSERT INTO `workday` VALUES ('107', '10', '22', '4', '170', '2018-01-13 00:00:00', null);
INSERT INTO `workday` VALUES ('108', '10', '18', '5', '175', '2018-01-13 00:00:00', null);
INSERT INTO `workday` VALUES ('109', '10', '22', '6', '174', '2018-01-13 00:00:00', null);
INSERT INTO `workday` VALUES ('110', '10', '19', '7', '170', '2018-01-13 00:00:00', null);
INSERT INTO `workday` VALUES ('111', '10', '22', '8', '174', '2018-01-13 00:00:00', null);
INSERT INTO `workday` VALUES ('112', '10', '17', '9', '172', '2018-01-13 00:00:00', null);
INSERT INTO `workday` VALUES ('113', '11', '17', '1', '170', '2018-01-13 00:00:00', null);
INSERT INTO `workday` VALUES ('114', '11', '22', '2', '174', '2018-01-13 00:00:00', null);
INSERT INTO `workday` VALUES ('115', '11', '17', '3', '171', '2018-01-13 00:00:00', null);
INSERT INTO `workday` VALUES ('116', '11', '17', '4', '170', '2018-01-13 00:00:00', null);
INSERT INTO `workday` VALUES ('117', '11', '19', '5', '170', '2018-01-13 00:00:00', null);
INSERT INTO `workday` VALUES ('118', '11', '19', '6', '171', '2018-01-13 00:00:00', null);
INSERT INTO `workday` VALUES ('119', '11', '19', '7', '171', '2018-01-13 00:00:00', null);
INSERT INTO `workday` VALUES ('120', '11', '20', '8', '171', '2018-01-13 00:00:00', null);
INSERT INTO `workday` VALUES ('121', '11', '19', '9', '175', '2018-01-13 00:00:00', null);
INSERT INTO `workday` VALUES ('122', '33', '1', '10', '0', '2018-01-13 00:00:00', '2018-11-09 14:31:33');
INSERT INTO `workday` VALUES ('123', '32', '0', '10', '0', '2018-01-13 00:00:00', '2018-11-09 14:08:30');
INSERT INTO `workday` VALUES ('124', '31', '0', '10', '0', '2018-01-13 00:00:00', '2018-11-09 14:08:30');
INSERT INTO `workday` VALUES ('125', '30', '0', '10', '0', '2018-01-13 00:00:00', '2018-11-09 14:08:30');
INSERT INTO `workday` VALUES ('126', '29', '0', '10', '0', '2018-01-13 00:00:00', '2018-11-09 14:08:30');
INSERT INTO `workday` VALUES ('127', '28', '0', '10', '0', '2018-01-13 00:00:00', '2018-11-09 14:08:30');
INSERT INTO `workday` VALUES ('128', '27', '0', '10', '0', '2018-01-13 00:00:00', '2018-11-09 14:08:30');
INSERT INTO `workday` VALUES ('129', '26', '0', '10', '0', '2018-01-13 00:00:00', '2018-11-09 14:08:30');
INSERT INTO `workday` VALUES ('130', '25', '0', '10', '0', '2018-01-13 00:00:00', '2018-11-09 14:08:30');
INSERT INTO `workday` VALUES ('131', '24', '0', '10', '0', '2018-01-13 00:00:00', '2018-11-09 14:08:30');
INSERT INTO `workday` VALUES ('132', '23', '0', '10', '0', '2018-01-13 00:00:00', '2018-11-09 14:08:30');
